formula,mp-id,melt_temp_C,melt_temp_K,log10_melt_temp_K,coh_en,bulk_m,shear_m,form_e_per_atom,density,%ic
Ag2O,mp-353,280,553.15,2.742842917,3.128183578,66.04309625,17.23261759,-0.327671451,6.784390534,43.44886993
Ag2S,mp-31053,825,1098.15,3.040661666,3.020432788,45.33039212,18.62909926,-0.276183145,5.622197142,10.02380044
Ag2Se,mp-568936,880,1153.15,3.061885803,2.63844477,68.45198156,23.48361683,-0.067206563,7.976497354,9.162682579
Ag2Te,mp-1592,955,1228.15,3.089251413,2.553014288,57.36718033,21.90599537,-0.061867704,8.050205502,0.719896243
AgBr,mp-866291,432,705.15,2.84828151,2.321949595,25.45073175,9.202278193,-0.367329977,4.917995434,23.29666519
AgCl,mp-22922,455,728.15,2.862220854,2.46852303,45.77943314,12.32237262,-0.724227473,5.356180845,31.49236589
AgF,mp-7592,435,708.15,2.850125259,2.955254135,76.62580896,16.40322684,-1.24851925,6.624220956,65.02808936
AgI,mp-22925,558,831.15,2.919679409,2.194853635,21.82317436,8.939244627,-0.280620904,5.324385941,12.47318654
Al2O3,mp-1143,2072,2345.15,3.370170626,6.896132591,212.301061,136.3709057,-3.43572833,3.873498339,56.70898161
Al2S3,mp-2654,1100,1373.15,3.137717981,4.813745663,60.21999978,31.3040574,-1.454613873,2.28779252,20.96070088
Al2Te3,mp-29502,900,1173.15,3.069353545,3.354847045,24.01815267,16.84630602,-0.451300761,3.958332521,5.825901023
Al4C3,mp-1591,2200,2473.15,3.393250458,5.523124884,132.4796794,95.36451478,-0.092080557,2.930804107,19.8203144
AlAs,mp-2172,1740,2013.15,3.303876135,3.73659676,54.43146763,30.18497297,-0.484606655,3.590699212,7.801377879
AlBr3,mp-23288,97.45,370.6,2.568905415,3.061638261,16.89302395,6.077907215,-1.117532313,2.650775665,36.59484381
AlCl3,mp-25469,192.4,465.55,2.667966331,3.579945929,40.23800065,12.78542212,-1.951326074,2.215248919,45.1531264
AlF3,mp-468,1290,1563.15,3.194000655,5.464325558,116.1179212,52.99378507,-3.89204671,3.021262156,75.44427104
AlI3,mp-30930,191,464.15,2.666658355,2.554454596,9.902525985,5.551963704,-0.67092898,3.204476226,24.0902461
AlN,mp-661,2200,2473.15,3.393250458,5.78088744,153.646824,98.54875912,-1.595901091,3.200889662,40.02395779
AlSb,mp-2624,1060,1333.15,3.124879017,3.283296045,34.39407393,21.66376753,-0.159486403,4.078412269,4.72473902
As2O3,mp-1581,313,586.15,2.768008769,4.877110971,55.81198605,23.20258665,-1.638504274,3.467561761,32.75987376
As2O5,mp-1788,300,573.15,2.758268297,4.860326279,93.01690861,49.03438724,-1.571459858,4.225217392,32.75987376
As2S2,mp-542810,313,586.15,2.768008769,3.575967605,2.351837753,1.758132066,-0.465731892,2.878089468,3.921056085
As2S3,mp-641,310,583.15,2.76578028,3.663259786,5.99968057,3.677553345,-0.525925559,2.83380927,3.921056085
As2Se3,mp-1078443,360,633.15,2.801506611,2.944376157,14.41672829,9.876084178,-0.118462516,5.001776311,3.364594949
As2Te3,mp-484,621,894.15,2.951410381,2.696876555,29.66578921,14.9069883,-0.015127835,5.742207916,0.159872068
AsBr3,mp-23317,31.1,304.25,2.483230587,2.268214471,10.34385965,4.531002107,-0.462732001,3.02408136,14.10976138
AsI3,mp-23218,146,419.15,2.62236947,1.942118593,5.438794414,122.0034556,-0.197216454,4.24351572,5.597251708
AuF3,mp-942,300,573.15,2.758268297,2.778725753,14.34678477,8.840146612,-1.34230725,6.203961699,40.45274578
BaB6,mp-954,2070,2343.15,3.369800091,6.17389319,143.5095181,129.6571919,-0.409629974,4.281989038,28.15254535
BaBr2,mp-27456,857,1130.15,3.053136089,3.796893891,28.6071801,11.04143035,-2.224728698,4.585943633,65.74114108
BaCl2,mp-568662,960,1233.15,3.091015907,4.2470927,31.68348387,11.28988916,-2.955359589,3.394161727,72.42401774
BaF2,mp-1029,1368,1641.15,3.215148277,5.42491416,62.48793444,24.20934619,-4.183261944,4.694963403,90.80973119
BaH2,mp-23715,675,948.15,2.976877049,2.633285671,33.74562326,12.83910812,-0.589033957,4.106338311,34.88563496
BaI2,mp-23260,711,984.15,2.993061297,3.316335734,20.1251058,9.651916562,-1.798019724,4.89938519,54.30699668
BaO,mp-1342,1923,2196.15,3.341662,5.48105469,60.28272491,26.60901871,-2.831277946,5.753123041,80.32113561
BaS,mp-1500,1200,1473.15,3.16824697,4.97563753,34.35746135,21.99004088,-2.410254512,4.178927448,51.03306933
BaSe,mp-1253,1780,2053.15,3.312420679,4.353449635,30.76926109,18.78444498,-2.047583771,4.805293948,49.78718937
BaSi2,mp-1477,1180,1453.15,3.162310446,4.054417248,37.17485237,28.98205747,-0.361510358,3.628158493,22.51028747
Be2B,mp-1432,1520,1793.15,3.253616621,4.576619637,127.1830247,130.1945348,0.041492164,2.00712185,5.372778725
Be2C,mp-1569,2100,2373.15,3.37532519,5.368690833,181.4878382,178.9154677,-0.231916847,2.461261575,21.34507978
Be3N2,mp-18337,2200,2473.15,3.393250458,5.396604464,185.5121124,157.0357546,-1.227249825,2.702684992,41.73828512
Be4B,mp-27757,1160,1433.15,3.156291648,4.276003744,121.8349086,124.5485605,-0.016429742,1.981767282,5.372778725
BeB2,mp-1009823,1970,2243.15,3.350858316,5.394217123,175.8357297,174.4621717,0.120239173,2.378432392,5.372778725
BeBr2,mp-30139,508,781.15,2.892734437,3.227660723,27.76033088,9.086222387,-1.043252348,2.755687188,38.30855997
BeCl2,mp-23267,399,672.15,2.827466203,3.728555482,33.45709678,13.1929272,-1.824579189,1.658328703,46.84856061
BeF2,mp-561543,552,825.15,2.916532904,5.425816592,53.61744934,28.46257705,-3.571921195,1.492997445,76.59042361
BeI2,mp-570886,480,753.15,2.87688148,2.707493317,18.0240648,7.212705756,-0.576934125,3.588179081,25.69745635
BeO,mp-2542,2530,2803.15,3.447646338,6.678643987,210.2342038,173.3504203,-3.110502471,2.967498763,58.2814787
Bi2O3,mp-23262,817,1090.15,3.037486259,4.725096706,81.45638345,26.09832099,-1.652351709,9.060332735,39.59510251
Bi2O4,mp-557993,305,578.15,2.76204053,4.600873913,88.17930487,28.40246788,-1.471167128,8.946084366,39.59510251
Bi2S3,mp-22856,850,1123.15,3.050437761,3.713150079,37.01653653,16.81270456,-0.741677553,6.478230979,7.540548524
Bi2Se3,mp-541837,710,983.15,2.992619784,3.04771707,30.82720691,13.77725181,-0.387665129,7.056072308,6.78159451
Bi2Te3,mp-34202,580,853.15,2.931025395,2.751439102,27.43977719,13.1014084,-0.235552082,7.468816519,0.159872068
BiBr3,mp-752602,218,491.15,2.691214148,2.474407178,5.817882983,2.031948487,-0.772588271,4.420556784,19.8203144
BiCl3,mp-22908,230,503.15,2.701697477,2.764647613,19.91560366,6.910282856,-1.378314798,4.180392275,27.740039
BiF3,mp-23237,649,922.15,2.964801571,4.13125972,80.57437161,23.6400406,-2.801267912,7.580853771,61.72602406
BiF5,mp-27743,151,424.15,2.627519471,3.347367977,46.86139059,12.85705222,-2.154053623,4.846229251,61.72602406
BiI3,mp-22849,408.6,681.75,2.833625147,2.124268741,10.41500523,4.871372231,-0.483030165,4.787148955,9.733158792
BiSb,mp-1227290,475,748.15,2.87398868,2.64589767,27.94379546,12.53992341,-0.006662108,7.940448998,0.022497469
Ca3N2,mp-844,1195,1468.15,3.166770429,4.026646697,52.81414961,29.50391526,-0.946281691,2.606386489,64.66866716
CaB6,mp-865,2235,2508.15,3.399353506,6.176054829,130.5035443,130.5181834,-0.408684924,2.437995559,23.69257964
CaBr2,mp-22888,730,1003.15,3.001365877,3.62787482,29.88792093,10.41717197,-2.048460685,3.226876694,61.72602406
CaC2,mp-917,2160,2433.15,3.386168883,5.935648137,72.78113812,61.61005639,0.011138292,2.162856357,45.1531264
CaCl2,mp-22904,772,1045.15,3.019178625,4.0916495,35.50035818,13.24112523,-2.792667447,2.105012928,68.85137242
CaF2,mp-2741,1418,1691.15,3.22818213,5.494513857,84.94270945,43.36734388,-4.245612699,3.089832592,89.14017515
CaH2,mp-23713,816,1089.15,3.037087696,2.710217703,45.87748531,24.77078215,-0.658717047,1.959076332,30.23236739
CaI2,mp-30031,779,1052.15,3.02207766,3.169357627,15.53541849,8.037057519,-1.643792675,3.385258566,49.78718937
CaO,mp-2605,2613,2886.15,3.460318899,5.97705259,90.56563903,57.71158162,-3.316402433,3.286687964,77.42664596
CaSi,mp-1563,1324,1597.15,3.203345706,3.794310883,44.08346039,36.31422591,-0.542497863,2.377161181,18.33135174
CaSi2,mp-2700,1033,1306.15,3.115993055,4.082853357,49.11486511,38.75077449,-0.382697525,2.362147976,18.33135174
CdBr2,mp-27934,568,841.15,2.924873449,2.078377063,20.78622454,6.873119634,-0.88810125,4.412564448,33.1838254
CdCl2,mp-22881,564,837.15,2.922803282,2.398532557,29.91221381,7.817233145,-1.488688826,3.611054751,41.73828512
CdF2,mp-241,1110,1383.15,3.140869281,3.36528435,90.44778416,20.32981047,-2.505521514,6.029135395,73.04563675
CdO,mp-1132,1427,1700.15,3.23048724,3.457645495,107.2065474,25.20212995,-1.380702821,7.791435375,53.49568119
CdSb,mp-1321,456,729.15,2.86281688,1.774630674,31.78666127,13.46122316,-0.045754751,6.394263934,3.188074308
CdSe,mp-2691,1268,1541.15,3.187844911,2.360982665,31.64728596,13.1298084,-0.627950871,5.300489339,16.88126016
CdTe,mp-406,1092,1365.15,3.135180373,2.07660866,23.28085167,11.42387327,-0.4637143,5.472512272,4.115419087
CeB6,mp-21343,2552,2825.15,3.451041511,6.68779306,205.9646142,151.8855502,-0.514281079,4.886744583,19.07116518
CeBr3,mp-569850,722,995.15,2.997888547,4.084667828,42.0518118,13.59324401,-1.835426366,5.002318537,57.10436013
CeC2,mp-2839,2250,2523.15,3.40194307,7.055098317,167.9753447,90.13426793,-0.160647045,6.075503511,40.02395779
CeCl3,mp-582011,817,1090.15,3.037486259,4.622130386,55.23176389,16.29589754,-2.688375017,3.837583637,64.66866716
CeN,mp-2493,2557,2830.15,3.451809454,6.48573867,175.4499119,68.79785754,-1.690481294,7.942475673,60.21180795
CeO2,mp-20194,2400,2673.15,3.427023329,7.797782407,194.4969515,87.80207198,-3.938178882,6.994760438,73.96165691
CeS,mp-1096,2445,2718.15,3.434273419,6.375258325,104.0322245,47.45606655,-2.377504629,6.232433297,41.3099512
CeSi2,mp-1898,1620,1893.15,3.277185026,5.307700635,105.7583217,57.16311817,-0.65987996,5.496004683,14.10976138
Co2P,mp-22204,1386,1659.15,3.219885651,5.138760205,224.0402698,100.2910381,-0.522796361,7.743706857,2.373869708
CoAs,mp-583,1180,1453.15,3.162310446,4.36862881,153.1366076,61.67451605,-0.300620588,8.277261201,2.224876281
CoAs3,mp-452,942,1215.15,3.084629891,3.826677914,87.11378623,38.17316327,-0.305302228,6.662050642,2.224876281
CoB,mp-20857,1460,1733.15,3.238836151,6.188115263,319.4935124,202.0403976,-0.402078219,7.456589549,0.637956362
CoCl2,mp-696114,740,1013.15,3.005673749,3.35273278,44.30947386,13.81238658,-0.968921157,3.222759738,33.60842367
CoF2,mp-555908,1217,1490.15,3.173229987,4.783309992,102.9774907,37.52243257,-2.449579264,4.438895529,66.79600547
CoF3,mp-1271282,927,1200.15,3.079235529,4.219968202,79.97489614,33.17205134,-2.239680295,3.396809424,66.79600547
CoO,mp-22408,1935,2208.15,3.344028572,5.697922889,137.6645892,28.74101502,-1.410028377,5.118013507,45.57790737
CoSb,mp-2644,1202,1475.15,3.168836184,4.10138874,118.1201355,47.13585646,-0.16156098,8.868028713,0.719896243
CoSi2,mp-2379,1325,1598.15,3.203617539,5.255018967,161.1367322,90.40993776,-0.470033565,4.964463565,0.0099995
Cr2O3,mp-19399,2435,2708.15,3.432672716,6.051961704,161.7417091,63.32943079,-2.381365091,4.904330425,54.71072788
Cr3C2,mp-20937,1890,2163.15,3.335086636,5.719817046,268.3489947,148.396711,-0.100271342,6.795180146,17.96506559
Cr5B3,mp-15617,1900,2173.15,3.337089704,5.3539017,239.29888,138.8762359,-0.415652691,6.587365994,3.545616572
CrB,mp-1080664,2000,2273.15,3.356628095,5.761581554,307.8494435,227.375836,-0.528822188,6.267642518,3.545616572
CrBr3,mp-27734,1130,1403.15,3.147104101,2.892360314,26.96956135,8.835138764,-0.816884146,3.94264798,34.45937457
CrCl2,mp-22857,824,1097.15,3.040266007,3.34887691,13.62205742,8.868615469,-1.333917072,2.738201949,43.02171753
CrCl3,mp-567504,1152,1425.15,3.153860577,3.339693831,35.59348883,10.45988164,-1.559147114,2.461543956,43.02171753
CrF2,mp-554340,894,1167.15,3.067126674,4.813297323,49.16504493,21.09932101,-2.848418381,3.611464831,73.96165691
CrF3,mp-560338,1100,1373.15,3.137717981,4.77063619,94.07091683,30.44908776,-3.066987122,3.566924781,73.96165691
CrF5,mp-639662,34,307.15,2.48735052,3.780627721,58.89123865,17.59400486,-2.338208528,2.842188572,73.96165691
CrO3,mp-510421,197,470.15,2.67223644,5.100745236,57.66197614,21.19039334,-1.526178955,2.398040168,54.71072788
CrSb,mp-1641,1110,1383.15,3.140869281,3.288906693,73.61649588,32.55691204,0.09764339,7.008554256,3.731112663
CrSi2,mp-8937,1490,1763.15,3.246289261,4.789659813,164.9225676,91.09237697,-0.373526197,5.015722574,1.429681588
Cs2O,mp-7988,490,763.15,2.882609909,2.838239103,20.03597075,6.540187081,-1.193504639,4.047968458,82.7200791
Cs2S,mp-540703,510,783.15,2.893844952,2.768654458,11.22224871,5.451149353,-1.180182478,3.910644065,55.11313621
CsBr,mp-571222,636,909.15,2.958635543,2.873685545,13.92827243,6.362507145,-1.785899174,3.485262633,69.18673787
CsCl,mp-573697,646,919.15,2.963386392,3.122753105,16.80332563,6.613530785,-2.245290796,3.175106447,75.44427104
CsF,mp-1784,682,955.15,2.98007158,3.69694834,31.43062081,9.260433395,-2.857046702,4.406028855,92.14503995
CsI,mp-614603,621,894.15,2.951410381,2.59333271,9.969913175,5.476828797,-1.545933226,3.554949583,58.2814787
CsN3,mp-510557,310,583.15,2.76578028,4.255902603,38.53918952,18.82989717,-0.435389916,3.177868264,71.79370483
CsO2,mp-1441,432,705.15,2.84828151,3.49946288,33.52009314,11.05514188,-0.969837783,3.732205735,82.7200791
Cu2O,mp-361,1235,1508.15,3.178444538,4.120047068,122.9656539,38.74414414,-0.649590505,6.02816479,44.72779357
CuBr,mp-22913,497,770.15,2.88657532,2.70724593,44.62341546,14.79415416,-0.250167985,5.147661877,24.48961579
CuBr2,mp-23219,498,771.15,2.887138863,2.41778356,29.29504657,9.494068434,-0.30782196,4.457784862,24.48961579
CuCl,mp-22914,430,703.15,2.847047981,2.922264455,55.816589,16.22805246,-0.675510572,4.165254207,32.75987376
CuCl2,mp-30999,498,771.15,2.887138863,2.733366447,32.60065485,9.890324411,-0.903836929,2.95262225,32.75987376
CuF2,mp-1229,836,1109.15,3.044990284,3.611674273,95.30671719,27.59306725,-1.832225651,4.753942975,66.09473927
CuI,mp-570136,605,878.15,2.943568706,2.570265893,34.4632061,13.95199952,-0.153574835,5.638100004,13.44585378
CuO,mp-1692,1326,1599.15,3.203889202,4.406914065,139.8824731,46.78111354,-0.950442711,5.981122501,44.72779357
Dy2O3,mp-2345,2408,2681.15,3.428321112,7.811759938,194.8657085,79.85586474,-4.018858577,8.144291075,70.83205927
DyBr3,mp-864982,881,1154.15,3.062262256,4.004582335,19.64495175,7.927008902,-1.8526657,3.592237189,53.08815576
DyCl3,mp-28448,647,920.15,2.96385863,4.534667476,48.02727487,14.5298858,-2.698236934,3.903918554,60.97235715
DyF3,mp-1212889,1360,1633.15,3.213026075,6.23098972,110.1111901,52.38141647,-4.450900185,7.692130887,85.1088037
DyI3,mp-865005,955,1228.15,3.089251413,3.461741573,3.180812112,2.790077997,-1.370405269,3.881521642,40.45274578
Er2O3,mp-679,2344,2617.15,3.417828615,7.82902254,206.5402253,84.03510757,-4.066364767,8.653693642,70.18027206
Er2S3,mp-2234,1730,2003.15,3.301713471,6.124212353,93.73584326,42.81688567,-2.462827051,6.122583379,36.16700715
ErCl3,mp-867891,774,1047.15,3.020008897,4.472159829,30.66377657,10.15818094,-2.654631529,3.115022619,60.21180795
ErF3,mp-9371,1350,1623.15,3.210358656,6.25460951,194.134789,62.90415816,-4.493422217,7.477902633,84.6936131
ErI3,mp-866003,1020,1293.15,3.111648904,3.41567963,14.88779686,7.506439729,-1.343245569,4.356166676,39.59510251
EuCl2,mp-1183892,738,1011.15,3.004815586,4.05988863,23.65421406,10.0487838,-2.754323597,3.70427313,61.72602406
EuCl3,mp-569895,623,896.15,2.952380709,3.52045687,46.92772803,11.24293112,-2.292512899,4.091861101,61.72602406
EuF2,mp-504731,1380,1653.15,3.218312261,5.34697733,121.8043282,31.53097532,-4.091493192,6.208351324,85.51562929
EuF3,mp-19908,1390,1663.15,3.22093142,4.034230655,130.4906688,26.26934926,-2.862627691,6.520795616,85.51562929
EuI2,mp-1102093,510,783.15,2.893844952,3.153019619,8.646574163,7.125024021,-1.620871688,5.187026949,41.3099512
EuTe,mp-542583,1526,1799.15,3.255067373,3.887306545,43.05238936,20.41530598,-1.680830232,6.626119561,18.33135174
Fe2Br,mp-22880,684,957.15,2.980980004,2.669508233,34.01582215,10.86237316,-0.04072264,4.536917402,27.32879793
Fe2O3,mp-19770,1565,1838.15,3.264380949,5.978027364,190.0621146,83.16595132,-1.907358343,5.066847798,47.6922164
Fe2P,mp-778,1370,1643.15,3.215677211,5.003347944,206.1545146,92.76269993,-0.458300324,7.083597122,3.188074308
Fe3C,mp-510623,1227,1500.15,3.176134686,5.727757061,270.0468339,137.4769495,0.055113997,7.833525561,12.15532607
Fe3O4,mp-19306,1597,1870.15,3.271876442,5.976216382,137.6328063,50.2144124,-1.858679269,4.94999305,47.6922164
Fe3P,mp-18708,1100,1373.15,3.137717981,4.878399886,180.9296471,76.02826282,-0.205889431,7.345807153,3.188074308
FeAs,mp-427,1020,1293.15,3.111648904,4.200153527,149.3905711,59.34593168,-0.185332472,8.093740435,3.016080541
FeCl2,mp-23229,677,950.15,2.977792173,3.047200073,38.89341205,11.56523225,-0.698846562,2.932922512,35.73949669
FeF2,mp-556911,970,1243.15,3.094523534,5.068956845,96.81406261,30.46043042,-2.770684229,4.0672978,68.51393125
FeI2,mp-571122,587,860.15,2.934574194,2.403658803,23.56281105,9.664403374,-0.093926177,5.062751444,15.82102508
FeO,mp-1279742,1377,1650.15,3.217523424,5.962736585,152.8395619,61.23285681,-1.728029241,5.614899212,47.6922164
FeS,mp-505531,1194,1467.15,3.166474518,4.988820658,94.72010145,44.29067781,-0.838507039,4.140337363,13.11849437
FeS2,mp-1522,1171,1444.15,3.159612305,4.804108762,124.7684928,52.86742968,-0.95532359,4.893651631,13.11849437
FeSi,mp-871,1410,1683.15,3.226122821,5.338675346,210.067627,108.6499995,-0.512805139,6.333879998,0.122424999
FeSi2,mp-1714,1220,1493.15,3.174103439,5.194022023,165.0321273,92.16896265,-0.444494733,4.958877558,0.122424999
FeTe,mp-21273,914,1187.15,3.074505597,3.64344155,68.4455698,31.545753,0.12721748,6.996625048,1.805992901
Ga2O3,mp-886,1900,2173.15,3.337089704,5.406444844,149.5035016,61.09575611,-2.278169651,5.680273183,48.53277558
Ga2S3,mp-539,1090,1363.15,3.134543648,4.087456889,52.05367506,22.90974052,-1.060454167,3.436496462,13.77629102
Ga2Se3,mp-1340,1020,1293.15,3.111648904,3.299999229,39.82464959,18.09822589,-0.584417092,4.767617677,12.79425725
Ga2Te3,mp-38970,792,1065.15,3.027410772,2.892332372,27.83700951,15.78784623,-0.320915156,5.226649508,2.08055156
GaAs,mp-2534,1238,1511.15,3.179307575,3.186931365,49.40185769,24.71061403,-0.350102595,5.053200543,3.364594949
GaBr3,mp-30953,121.5,394.65,2.596212107,2.573577953,13.56171481,5.3829555,-0.837052673,3.090430946,28.15254535
GaCl2,mp-568848,172.4,445.55,2.648896448,2.980226749,28.02710913,8.621831691,-1.417201428,2.645399607,36.59484381
GaCl3,mp-30952,78,351.15,2.545492673,2.97440956,19.25078239,6.433537454,-1.553370372,2.084577965,36.59484381
GaI3,mp-30954,212,485.15,2.685876036,2.175791173,9.764380102,5.019590077,-0.499846224,3.645220843,16.52516694
GaP,mp-2490,1457,1730.15,3.238083757,3.52074639,61.68255787,30.81288809,-0.408616724,4.006314015,3.545616572
GaS,mp-2507,965,1238.15,3.092773262,3.955793086,46.54185551,21.46648609,-0.983471753,3.405806806,13.77629102
GaSb,mp-1156,712,985.15,2.993502362,2.865226255,33.64314351,18.37720043,-0.156577947,5.287673764,1.429681588
GaSe,mp-1572,960,1233.15,3.091015907,3.303983575,36.33269991,17.57868193,-0.591179396,4.391991689,12.79425725
GaTe,mp-10009,825,1098.15,3.040661666,2.95676215,26.53635415,16.08387386,-0.364095405,4.804722517,2.08055156
Gd2O3,mp-504886,2420,2693.15,3.430260543,7.47461535,173.9708027,67.54135719,-3.904575452,7.514705303,71.47530549
Gd2Te3,mp-1105966,1255,1528.15,3.184165986,4.45169902,8.90775934,24.07181274,-1.4385171,7.411884522,18.33135174
GdB6,mp-22266,2100,2373.15,3.37532519,6.494763226,209.1989456,146.0617521,-0.456458811,5.311473692,16.17173968
GdBr3,mp-27182,770,1043.15,3.018346762,3.930408352,23.7523472,8.78010139,-1.917780133,3.947033396,53.90197138
GdCl3,mp-23265,609,882.15,2.945542438,4.38359697,58.5426818,16.52954225,-2.686454842,4.339728448,61.72602406
GdF3,mp-972965,1231,1504.15,3.177291148,5.7752983,203.9597176,60.80153974,-4.13449718,7.82815768,85.51562929
GdSe,mp-510404,2170,2443.15,3.387950132,5.112813335,86.65174173,37.04939993,-1.847803276,7.763412875,36.59484381
GeF2,mp-7595,110,383.15,2.58336883,4.272316521,57.55313818,19.27491295,-2.412650695,3.421301973,62.1002246
GeI2,mp-27922,460,733.15,2.865192839,2.479282502,5.71667156,3.911768993,-0.342952882,4.112266202,10.02380044
GeO2,mp-733,1115,1388.15,3.142436397,5.611784217,93.90000824,42.25678144,-2.089080868,4.036332844,40.02395779
GeS,mp-2242,615,888.15,2.94848632,4.077047725,53.34059533,24.82716426,-0.584644292,3.954535749,7.801377879
GeSe,mp-10759,667,940.15,2.97319715,3.441989135,50.30455466,22.30376437,-0.209102856,5.536591818,7.030620524
GeSe2,mp-10074,707,980.15,2.991292544,3.318156243,29.28269206,14.84268717,-0.254000735,4.305992284,7.030620524
GeTe,mp-938,725,998.15,2.999195811,3.207728835,38.01177966,20.40725535,-0.09497999,5.909652336,0.202295107
HfB2,mp-1994,3250,3523.15,3.546931134,7.548882903,261.7189918,188.3017059,-1.017879029,11.12171908,12.79425725
HfN,mp-2828,3385,3658.15,3.563261509,7.74470858,251.9466669,143.2042024,-1.938635741,13.68399725,53.08815576
HfO2,mp-352,2758,3031.15,3.481607428,8.563489984,233.3572366,134.6915867,-4.030009485,9.967760671,68.17442582
Hg2Br2,mp-23177,405,678.15,2.831325766,1.22248873,19.98088676,6.046638154,-0.42509156,6.678630235,20.57841474
Hg2Cl2,mp-22897,525,798.15,2.902084518,1.4277436,21.93484437,5.786483968,-0.840670492,6.256326939,28.56626863
HgBr2,mp-23292,236,509.15,2.706845748,1.478262872,14.61912331,4.903440476,-0.474755122,5.199394405,20.57841474
HgCl2,mp-22855,276,549.15,2.739690988,1.720079059,3.803979717,16.19538354,-0.997003391,4.602845244,28.56626863
HgTe,mp-2730,673,946.15,2.975959994,1.49611337,22.03970464,8.8744618,-0.163371105,7.377919078,0.24968776
Ho2O3,mp-812,2415,2688.15,3.429453499,7.823630739,200.8036074,81.98874749,-4.042830838,8.403898598,70.5072289
HoBr3,mp-977375,914,1187.15,3.074505597,3.984422901,23.96854757,8.986944922,-1.840069679,4.019453873,52.67942521
HoCl3,mp-864662,718,991.15,2.996139385,4.486988009,28.331181,9.568755053,-2.658120879,2.946539358,60.5929322
HoF3,mp-561877,1143,1416.15,3.151109257,6.25949601,199.9307097,65.45925709,-4.486969887,7.58260935,84.90225815
HoI3,mp-864657,1010,1283.15,3.108277428,3.444648273,11.40589846,6.403962527,-1.360875381,3.805287732,40.02395779
In2S3,mp-22216,1050,1323.15,3.121609081,3.83707821,45.03660951,19.38385501,-0.931001524,4.365749954,14.7856211
In2Se3,mp-612740,890,1163.15,3.065635725,3.113275546,30.4139349,14.63407841,-0.518619445,5.037796362,13.77629102
InAs,mp-20305,943,1216.15,3.084987144,2.914638925,34.85919031,18.26598487,-0.2289677,5.335683812,3.921056085
InBr,mp-22870,285,558.15,2.746750929,2.577730248,24.15142894,9.164127723,-0.671566143,4.737182879,29.39717301
InCl3,mp-862983,586,859.15,2.934068994,2.772550873,19.3173306,6.131593438,-1.427090457,2.654916881,37.8798641
InI,mp-23202,351,624.15,2.795288975,2.332128235,20.27687982,8.705397507,-0.466351018,5.133000138,17.60125667
InI3,mp-567789,210,483.15,2.684081984,2.098956164,9.848606903,4.752918962,-0.498589988,3.895564781,17.60125667
InP,mp-20351,1062,1335.15,3.12553006,3.16677358,41.35567619,21.83959335,-0.205801459,4.58162144,4.115419087
InS,mp-19795,692,965.15,2.984594815,3.644284761,43.32891,19.17062596,-0.823120973,4.77141557,14.7856211
InSb,mp-20012,525,798.15,2.902084518,2.66019125,24.88078556,13.5287971,-0.102700487,5.384059459,1.805992901
IrF6,mp-560553,44,317.15,2.501264716,3.671318747,53.51725405,16.32024856,-1.852032989,4.587660938,54.71072788
IrO2,mp-2723,1100,1373.15,3.137717981,5.952516152,180.0761255,70.07448345,-1.271091119,11.30226855,31.91409709
K2O,mp-971,740,1013.15,3.005673749,2.979825487,30.19087722,13.63094179,-1.252955539,2.291175837,82.02341305
K2O2,mp-2672,490,763.15,2.882609909,3.4448347,35.83845495,15.97030529,-1.296053307,2.312132548,82.02341305
K2S,mp-1022,840,1113.15,3.046553691,2.94676818,19.07507452,14.15966585,-1.276160716,1.760820776,53.90197138
K2Se,mp-8426,800,1073.15,3.03066043,2.594181507,17.11118042,12.40614904,-1.096585479,2.236225841,52.67942521
K2Te,mp-1747,874,1147.15,3.059620209,2.441522433,13.73292263,11.83889111,-1.024018029,2.450267309,33.60842367
KBr,mp-23251,734,1007.15,3.003094157,2.911033795,19.76192081,9.328807366,-1.761645812,2.624472422,68.17442582
KCl,mp-23193,770,1043.15,3.018346762,3.18763493,22.85503863,9.904537462,-2.248571008,1.903570406,74.5613369
KF,mp-463,858,1131.15,3.0535202,3.85188819,39.56220628,16.42978334,-2.95038494,2.418273283,91.76189628
KH,mp-24084,400,673.15,2.82811185,1.768392335,18.28217554,7.662016786,-0.264939461,1.44122857,37.8798641
KI,mp-22898,681,954.15,2.979616655,2.59996,14.78173826,8.254893238,-1.490958904,2.972225316,57.10436013
LaB6,mp-2680,2210,2483.15,3.395002955,6.665967263,196.1731247,145.7280675,-0.562225405,4.717521463,19.8203144
LaBr3,mp-23263,783,1056.15,3.023725603,4.149700626,41.06921075,13.82051174,-2.02255688,4.871831138,57.89063401
LaC2,mp-2367,2360,2633.15,3.4204756,6.893161193,138.8175383,73.02472989,-0.161506875,5.294806734,40.88142422
LaCl3,mp-22896,860,1133.15,3.054287403,4.664404801,53.57765015,16.14222092,-2.852747147,3.718762933,65.38558596
LaI3,mp-27979,772,1045.15,3.019178625,3.613298138,22.08748374,10.21610583,-1.546734723,4.888205241,45.57790737
LaS,mp-2350,2300,2573.15,3.410465104,6.24839675,76.62017664,42.08624386,-2.494838484,5.598981178,42.16638471
Li2O,mp-1960,1438,1711.15,3.233288082,4.279346947,81.23130708,69.25603534,-2.066696435,1.962800156,77.97297329
Li2S,mp-1153,938,1211.15,3.083197934,3.71362258,40.49737117,35.1676692,-1.557234552,1.62955104,47.2707576
Li3N,mp-2251,813,1086.15,3.035889807,2.88151522,45.5208379,37.820614,-0.462542883,1.288608934,65.38558596
LiBr,mp-976280,552,825.15,2.916532904,3.082579958,28.21975175,13.33017849,-1.568856551,2.788734789,62.47264304
LiCl,mp-1185319,610,883.15,2.946034473,3.43066322,26.39190126,8.956389935,-2.127263875,1.660108129,69.52001661
LiF,mp-1138,848,1121.15,3.049663721,4.44624769,89.18407522,62.45878053,-3.180409016,2.530430196,89.46007754
LiH,mp-23703,688.7,961.85,2.983107349,2.35030877,52.01757247,39.74768266,-0.482520473,0.824862689,31.07146895
LiI,mp-570935,469,742.15,2.870491692,2.706149908,22.83992785,9.353100165,-1.232813388,3.316300301,50.6187802
LuBr3,mp-866214,1400,1673.15,3.223534878,3.940115948,21.98108974,8.352485592,-1.814188928,3.975153419,51.03306933
LuCl3,mp-865324,905,1178.15,3.071200588,4.453703508,28.67675824,9.66361032,-2.64326258,3.102791327,59.05846039
LuF3,mp-1210818,1182,1455.15,3.162907764,6.178937125,110.2110893,53.90417594,-4.424837205,8.74427368,84.05500183
LuI3,mp-865521,1050,1323.15,3.121609081,3.374079954,14.26244997,7.235945474,-1.308733265,4.347721177,38.30855997
Mg2Ge,mp-408,1115,1388.15,3.142436397,2.520182533,42.04543941,24.78697197,-0.272901539,3.035880353,11.52940951
Mg2Si,mp-1367,1102,1375.15,3.138350073,2.688445183,38.61009507,26.33878203,-0.155243234,1.975370364,8.334582101
Mg3As2,mp-1990,800,1073.15,3.03066043,2.717771156,39.80074759,22.49209767,-0.627044578,3.047914569,17.23997243
Mg3Sb2,mp-2646,1245,1518.15,3.181314684,2.352669706,36.93768469,19.01485586,-0.364487498,3.936735684,12.79425725
MgBr2,mp-30034,711,984.15,2.993061297,2.953173387,32.19229066,9.731702805,-1.508893381,3.329358989,49.36995443
MgCl2,mp-23210,714,987.15,2.99438315,3.41756098,38.69232498,12.38100445,-2.253713057,2.055141071,57.49825279
MgF2,mp-1249,1263,1536.15,3.186433625,4.963594563,106.4815126,47.51842155,-3.849827535,3.034476004,83.17366555
MgH2,mp-23710,327,600.15,2.77825981,2.19453097,46.47729446,25.37099984,-0.278164444,1.423870393,17.96506559
MgI2,mp-23205,637,910.15,2.959112973,2.42182103,19.45065656,8.149289449,-1.031390208,3.892507414,36.59484381
MgO,mp-1265,2852,3125.15,3.494870867,5.52037899,139.8038236,82.96123149,-3.062430027,3.471430968,67.832868
MgS,mp-1315,2000,2273.15,3.356628095,4.13286552,63.65403039,34.74561319,-1.759310283,2.618787109,33.1838254
Mn2B,mp-20318,1580,1853.15,3.267910574,5.091223688,244.1714088,143.4270115,-0.397127351,7.609817023,5.825901023
Mn2P,mp-1849,1327,1600.15,3.204160696,4.24635312,170.7344762,79.38228852,-0.514075399,6.706865773,9.733158792
Mn2Sb,mp-20664,948,1221.15,3.086769014,3.437159525,105.8411323,44.41320773,0.026130624,7.757811983,6.058693719
Mn3O4,mp-18759,1564,1837.15,3.264144617,5.659831285,131.2578166,48.67671157,-2.064789107,4.592823197,59.05846039
MnB,mp-8365,1890,2163.15,3.335086636,5.499254354,261.8881286,179.7336125,-0.375981903,6.499320318,5.825901023
MnB2,mp-585,1827,2100.15,3.322250315,5.843120497,257.6030476,188.343882,-0.290671932,5.574663393,5.825901023
MnBr2,mp-28306,698,971.15,2.987286315,3.035541833,30.2358929,9.771549331,-0.81314119,3.825775716,39.16622248
MnCl2,mp-28233,652,925.15,2.966212153,3.424149217,42.67274313,11.69501015,-1.482180655,2.673234319,47.6922164
MnF2,mp-560902,856,1129.15,3.052751639,4.883884494,94.91392676,29.28089135,-2.991996828,3.744000315,77.15013553
MnI2,mp-28013,701,974.15,2.988625835,2.622356277,20.79783126,9.001645722,-0.453804817,4.463106049,26.51030546
MnO,mp-19006,1945,2218.15,3.345990912,5.61857617,146.3716912,52.40417371,-1.993446251,5.190708253,59.05846039
MnP,mp-2662,1147,1420.15,3.152334218,4.23686465,159.1131297,74.83012913,-0.556320124,5.958478698,9.733158792
MnSb,mp-786,840,1113.15,3.046553691,2.90565715,71.11905162,30.02316687,0.371406018,7.180776111,6.058693719
MnSe,mp-999540,1460,1733.15,3.238836151,3.638576845,46.53542393,21.79327183,-0.355909076,4.246871363,22.11992169
Mo2B,mp-2501,2280,2553.15,3.407076331,6.615547053,236.2694868,122.3628571,-0.316509289,9.106683077,0.359352777
Mo2B5,mp-7229,2200,2473.15,3.393250458,6.297480357,295.6370905,119.8487498,0.065421994,6.910597743,0.359352777
Mo2C,mp-1552,2687,2960.15,3.471313719,6.930889153,234.902716,122.1250823,-0.113189203,8.943989697,3.731112663
Mo2S3,mp-1627,1690,1963.15,3.292953484,5.526825848,106.6074872,50.01234835,-1.082126382,5.693219085,4.314173314
MoC,mp-2305,2577,2850.15,3.454867717,7.18880915,275.4679903,159.162424,-0.08383735,8.538697979,3.731112663
MoF6,mp-557259,17.5,290.65,2.463370327,4.342982133,47.79234037,15.74081812,-2.662566002,2.946658353,56.31214325
MoI3,mp-864733,927,1200.15,3.079235529,2.459283338,11.31867298,5.704098388,0.102722076,4.122189776,6.058693719
MoO3,mp-18856,795,1068.15,3.028632245,6.139837807,82.55742282,33.83390964,-2.018161948,4.118450077,33.60842367
MoS2,mp-2815,1185,1458.15,3.163802202,5.553404757,67.15801967,35.95500933,-1.308533822,4.053379366,4.314173314
Na2O,mp-2352,1132,1405.15,3.147722688,3.310850267,46.78043873,26.36521569,-1.450312134,2.350349561,79.29976224
Na2O2,mp-2340,675,948.15,2.976877049,3.562458243,55.93486834,29.12645754,-1.313425711,2.524002742,79.29976224
Na2S,mp-648,1176,1449.15,3.161113341,3.09592106,27.95026679,20.9017368,-1.291645411,1.826998383,49.36995443
NaBr,mp-22916,747,1020.15,3.008664034,2.83231429,29.7746269,13.08293031,-1.582675168,3.120798709,64.3073357
NaCl,mp-22862,800.7,1073.85,3.030943621,3.144401875,32.03727957,15.18653353,-2.105086814,2.105306084,71.15475429
NaF,mp-682,996,1269.15,3.103512954,3.95963582,61.79909909,31.31217733,-2.957881431,2.692672574,90.22776515
NaH,mp-23870,800,1073.15,3.03066043,1.870421295,29.02903484,15.80224923,-0.266717282,1.417181192,33.1838254
NaI,mp-23268,660,933.15,2.96995146,2.48454531,22.32556559,10.94669559,-1.275293075,3.572368908,52.67942521
NaO2,mp-1901,551.7,824.85,2.916374979,3.545009973,30.44312869,11.86910479,-0.907483043,2.190153242,79.29976224
Nb2C,mp-569989,3608,3881.15,3.588960428,7.767800692,207.9648462,126.3935466,-0.466661755,7.67375624,20.19826979
NbB,mp-2580,2270,2543.15,3.405371976,7.458900013,244.3345723,156.3859878,-0.769342252,7.429359441,4.72473902
NbB2,mp-450,3050,3323.15,3.521549945,7.29048927,280.0566665,199.1050541,-0.693850499,6.793798027,4.72473902
NbC,mp-910,3500,3773.15,3.576704071,7.926680675,263.4455819,169.547977,-0.459129635,7.616098778,20.19826979
NbN,mp-2634,2575,2848.15,3.454562858,7.164235705,256.8355979,138.0508198,-1.259710521,7.984187333,40.45274578
NbO,mp-2311,1937,2210.15,3.34442175,7.484862432,209.0244561,100.7829467,-2.293447202,7.010467016,57.10436013
NbO2,mp-557057,1902,2175.15,3.337489212,7.506926525,195.9392356,96.15151763,-2.907811129,5.675253089,57.10436013
NbSi2,mp-12104,1950,2223.15,3.346968766,5.937860114,155.9113059,90.52866704,-0.550527568,5.577439821,2.224876281
Nd2O3,mp-1045,2233,2506.15,3.399007061,7.666026142,151.7263882,60.83034742,-3.790726352,6.39558306,73.35317022
Nd2S3,mp-438,2207,2480.15,3.394477948,6.23140602,88.01968785,41.99821939,-2.457378701,5.34369916,40.45274578
Nd2Te3,mp-16380,1377,1650.15,3.217523424,4.782508266,24.6701656,23.26093311,-1.464066453,6.750487405,20.57841474
NdB6,mp-1929,2540,2813.15,3.44919289,6.622647354,201.5071081,145.4913681,-0.47532155,4.908783998,18.33135174
NdBr3,mp-27975,684,957.15,2.980980004,4.11324647,35.55757844,12.03643487,-1.909830818,4.632192477,56.31214325
NdCl3,mp-23183,758,1031.15,3.013321846,4.621381481,56.53967994,16.49961063,-2.733451921,3.972957571,63.94411175
NdI3,mp-864617,775,1048.15,3.020423439,3.548878665,12.56294663,6.8570888,-1.406043344,3.803891393,43.87562636
Ni2B,mp-2536,1230,1503.15,3.177002321,5.671045873,285.8301907,154.4533876,-0.289929523,8.10839559,0.421608724
Ni2P,mp-21167,1112,1385.15,3.141496806,4.89683245,203.3156192,89.13770035,-0.477534716,7.387820358,1.94091688
Ni2Si,mp-1118,1255,1528.15,3.184165986,5.326774676,219.9702398,104.4467078,-0.550311437,7.347406647,0.002499969
Ni3B,mp-2058,1155,1428.15,3.154773824,5.515489413,267.6959025,137.2911895,-0.263083617,8.260441597,0.421608724
Ni3S2,mp-362,660,933.15,2.96995146,4.85424604,143.4435407,60.29282279,-0.636190251,5.961738947,10.61568798
NiAs,mp-590,968,1241.15,3.093824272,4.206309043,130.8909099,53.97571588,-0.285800403,7.640999563,1.805992901
NiB,mp-14019,1080,1353.15,3.131345942,5.880632395,291.8040052,177.6743886,-0.242094934,7.165930276,0.421608724
NiBr2,mp-27637,963,1236.15,3.092071173,2.961357817,39.84253376,12.73517908,-0.395447167,4.972529824,24.0902461
NiCl2,mp-27396,1001,1274.15,3.105220559,3.050070473,41.50425963,12.6823645,-0.764591906,3.221310302,32.33661538
NiI2,mp-27638,797,1070.15,3.029444656,2.534693543,28.06624987,11.12911449,-0.022632077,5.584908626,13.11849437
NiO,mp-19009,1955,2228.15,3.347944424,5.177785438,164.8170777,50.89273227,-1.037390508,6.617519556,44.30194729
NiS,mp-1547,797,1070.15,3.029444656,4.746434845,129.6874538,54.69625837,-0.690433642,5.477143979,10.61568798
NiSb,mp-810,1102,1375.15,3.138350073,4.06318363,110.0610131,44.69260856,-0.270855453,8.564299413,0.488801458
NiSi2,mp-2291,1200,1473.15,3.16824697,5.04073849,146.6488433,81.25936818,-0.354086143,4.724646143,0.002499969
NpO2,mp-2616,2547,2820.15,3.450272208,7.690598063,197.2308094,79.47761675,-3.611401204,11.38060275,66.09473927
OsF6,mp-22626,32.1,305.25,2.484655673,4.040414034,56.78676904,18.35980937,-2.061909717,4.496786204,54.71072788
OsO4,mp-540783,40.6,313.75,2.496583734,5.938192363,66.96300339,28.76850588,-1.540625068,4.509052699,31.91409709
Pb3O4,mp-22633,500,773.15,2.88826376,4.665615931,54.69055492,20.94277221,-1.455742163,8.223901332,26.51030546
PbBr2,mp-862868,371,644.15,2.808987011,2.849343948,14.81536717,6.357574993,-0.926518735,5.137049314,9.446106116
PbCl2,mp-862871,501,774.15,2.888825118,3.190478142,16.62612221,6.837925587,-1.548085011,4.436947078,15.82102508
PbF2,mp-315,824,1097.15,3.040266007,4.294012667,59.35852778,19.27093732,-2.701700431,7.550325953,49.36995443
PbS,mp-21276,1113,1386.15,3.141810229,3.95612976,37.9820767,16.77082733,-0.864756712,7.333909255,1.550356299
PbSe,mp-2201,1078,1351.15,3.130703566,3.39251598,33.90422534,14.61483812,-0.560660086,7.886316966,1.202708937
PbTe,mp-19717,924,1197.15,3.07814857,3.117491965,29.00699685,13.64605766,-0.405773505,7.856997091,1.313793393
PdF2,mp-1058,952,1225.15,3.088189264,3.2416939,69.25725037,18.44727118,-1.395074791,5.616883596,54.71072788
PdO,mp-1336,750,1023.15,3.009939309,4.356388275,111.9917646,36.00189522,-0.799161191,7.793970984,31.91409709
PdS,mp-20250,950,1223.15,3.08747972,4.158701962,113.3557862,30.82526658,-0.685868603,6.46237567,3.545616572
Pr2S3,mp-15179,1765,2038.15,3.309236143,6.233987653,84.41459722,40.8255767,-2.451995753,5.135388981,40.88142422
PrB6,mp-12762,2610,2883.15,3.459867238,6.633408924,198.8863062,144.2671927,-0.483238626,4.797235899,18.70006752
PrBr3,mp-23221,691,964.15,2.984144606,4.117767726,42.25259932,13.56379696,-1.90937421,5.032489367,56.70898161
PrCl3,mp-23211,786,1059.15,3.024957471,4.636527296,55.00581043,16.14722435,-2.743619872,3.854030617,64.3073357
PrI3,mp-862800,737,1010.15,3.004385868,3.556876955,13.14016267,7.048623014,-1.40906377,3.861329384,44.30194729
PtF6,mp-505319,61.3,334.45,2.5243312,3.045410442,50.32843708,13.79557197,-1.466168462,4.825305494,51.44631048
PtO2,mp-1285,450,723.15,2.859228391,5.058192868,141.2428515,49.12343193,-0.936869982,11.24971615,28.56626863
PtSi,mp-696,1229,1502.15,3.176713302,5.731021255,178.1474576,73.43641172,-0.665131928,12.05589018,3.545616572
PuF3,mp-8033,1396,1669.15,3.222495367,5.578309463,198.2326421,64.54147968,-4.000765575,9.335509927,83.83788075
PuN,mp-1719,2550,2823.15,3.450733954,5.67316828,273.4165059,104.9270051,-1.477651851,14.20341763,53.90197138
PuO2,mp-1959,2774,3047.15,3.483893833,7.119742553,264.1423951,118.5829112,-3.636764751,11.74128896,68.85137242
Rb2O,mp-753746,500,773.15,2.88826376,2.805500817,22.13470671,8.23856768,-1.138266885,3.226482377,82.02341305
Rb2S,mp-8041,425,698.15,2.843948742,2.8255246,17.56768908,11.56116157,-1.214553153,2.799742908,53.90197138
Rb2Se,mp-11327,733,1006.15,3.002662732,2.487912747,15.58047072,9.873114629,-1.049952736,3.097731507,52.67942521
RbBr,mp-22867,693,966.15,2.985044558,2.86624593,16.96875493,7.835757357,-1.761584959,3.164377303,68.17442582
RbCl,mp-23295,715,988.15,2.994822875,3.12953951,20.5077587,8.108822545,-2.2352026,2.671979177,74.5613369
RbF,mp-11718,795,1068.15,3.028632245,3.74577913,37.67604089,12.4275509,-2.889002892,3.671084551,91.76189628
RbH,mp-24721,170,443.15,2.646550754,1.6823996,17.99126063,5.833416604,-0.223673738,2.610597041,37.8798641
RbI,mp-22903,642,915.15,2.961492284,2.57060361,12.75902502,6.759925294,-1.506329526,3.359968009,57.10436013
RbN3,mp-743,317,590.15,2.770962411,4.25850487,41.69991661,22.5222268,-0.429554884,2.634063974,70.83205927
RbO2,mp-12105,432,705.15,2.84828151,3.503125447,37.35938963,13.96202189,-0.962250617,3.144135701,82.02341305
Re2O7,mp-1016092,360,633.15,2.801506611,6.415032478,44.29703445,28.52900068,-2.038546246,5.837607745,44.72779357
ReF6,mp-1025374,18.5,291.65,2.464861981,4.397608173,48.65429196,16.04355853,-2.502873936,3.72524773,66.09473927
Sb2O3,mp-2136,656,929.15,2.968085831,4.896971178,69.18287138,25.31869013,-1.760908851,5.355850121,38.30855997
Sb2S3,mp-2809,550,823.15,2.915478983,3.682150348,35.88879771,16.53037969,-0.647360492,4.27822536,6.78159451
Sb2Se3,mp-2160,611,884.15,2.946525951,2.978902926,29.18663925,13.99467025,-0.255533655,5.341825109,6.058693719
Sb2Te3,mp-1201,617,890.15,2.949463196,2.70919981,27.64472795,13.75457698,-0.12999546,6.121655031,0.062480473
SbCl3,mp-22872,73.4,346.55,2.539765903,2.740688794,14.58933155,5.658796599,-1.314782648,2.628791677,26.51030546
SbCl5,mp-23176,3.2,276.35,2.441459469,2.425083475,11.43230711,4.437799072,-1.142785782,2.118807712,26.51030546
SbF3,mp-1880,292,565.15,2.752163732,4.078869422,56.45238941,17.55250842,-2.709304283,4.233887899,60.5929322
SbF5,mvc-3453,8.3,281.45,2.449401253,3.819114567,48.89559732,15.50949278,-2.599417993,3.493718644,60.5929322
SbI3,mp-23281,170.5,443.65,2.647040486,2.040009339,10.70620849,5.096111495,-0.359197431,4.293227467,8.882927926
Sc2O3,mp-216,2485,2758.15,3.440617881,7.770510755,166.8242485,105.9498378,-3.977897831,3.750786386,66.09473927
Sc2S3,mp-401,1775,2048.15,3.31136176,6.00224739,79.28078485,45.23174642,-2.310906937,2.872295472,31.07146895
ScB2,mp-2252,2250,2523.15,3.40194307,6.56595908,181.5561528,148.6920838,-0.838838981,3.660544064,10.91685154
ScCl3,mp-23309,960,1233.15,3.091015907,4.400346841,43.0805926,13.47370731,-2.564096572,2.136561368,55.51419338
ScF3,mp-10694,1552,1825.15,3.261298563,6.100037358,85.72151918,37.37077099,-4.320128096,2.51182358,82.02341305
SeCl4,mp-540675,305,578.15,2.76204053,2.160656221,3.744269244,3.231081668,-0.819252798,2.28801557,8.882927926
SeO2,mp-726,340,613.15,2.787566733,4.349579521,17.12497762,9.13867247,-1.164337712,3.731778921,17.96506559
SeO3,mp-27519,118,391.15,2.592343335,4.128049608,43.28158511,16.78480905,-0.88548932,2.980741391,17.96506559
Si3N4,mp-988,1900,2173.15,3.337089704,6.049784238,158.8198592,101.971684,-1.313574679,3.134176827,27.740039
SiO2,mp-546794,1713,1986.15,3.298012045,7.086621973,93.79198263,57.52993253,-3.277997669,2.116918417,44.72779357
SiS2,mp-1602,1092,1365.15,3.135180373,4.814993253,32.07923351,18.21425728,-1.118893917,1.61508965,10.91685154
Sm2O3,mp-218,2335,2608.15,3.416332565,7.722335268,165.7157939,66.77743618,-3.871491252,6.96176576,72.42401774
Sm2S3,mp-1403,1720,1993.15,3.299539984,6.213505576,94.59769827,43.8681803,-2.463934031,5.722566655,39.16622248
SmB6,mp-6996,2400,2673.15,3.427023329,6.593720129,206.7867043,147.1718469,-0.455128529,5.111503219,17.23997243
SmCl2,mp-867134,855,1128.15,3.052366848,4.487721648,47.04002616,14.18436278,-2.322555642,4.145672857,62.84325983
SmCl3,mp-867875,686,959.15,2.981886531,4.518646613,30.05917517,9.880275417,-2.646001911,2.85878937,62.84325983
SmF3,mp-7384,1306,1579.15,3.198423385,6.284497041,173.0622376,57.32252354,-4.468193347,6.51059387,86.11033295
Sn4P3,mp-27410,550,823.15,2.915478983,3.366824517,24.18779435,34.95633557,-0.052396737,5.636037599,1.313793393
SnBr2,mp-1272139,232,505.15,2.703420357,2.781167753,13.28450153,7.727418621,-0.78526851,4.018762051,22.11992169
SnCl2,mp-569152,246,519.15,2.715292858,3.110579765,26.40955639,8.793794629,-1.395112604,3.575402659,30.23236739
SnF2,mp-7457,213,486.15,2.68677029,4.260084732,57.34888931,17.17868735,-2.594698466,4.480943264,63.94411175
SnI2,mp-27194,320,593.15,2.773164535,2.439870048,16.57357737,7.401869502,-0.497819988,4.96952879,11.52940951
SnO,mp-2097,1080,1353.15,3.131345942,4.931364375,77.79709358,26.72933916,-1.645986556,5.942455351,42.16638471
SnO2,mp-856,1630,1903.15,3.279473019,5.451813855,125.2554717,48.12476601,-2.123390066,6.608865506,42.16638471
SnS,mp-2231,880,1153.15,3.061885803,3.979024598,42.9320428,20.41684394,-0.778040504,4.900134264,9.162682579
SnSe,mp-2693,861,1134.15,3.054670497,3.380017585,37.8078905,17.82158338,-0.438550646,5.884042574,8.334582101
SnSe2,mp-665,650,923.15,2.965272274,3.21470425,29.46546,14.62971278,-0.344828302,5.120499117,8.334582101
SnTe,mp-1883,790,1063.15,3.026594544,3.11612974,31.12293984,16.87659895,-0.294800235,6.19081033,0.488801458
Sr3N2,mp-986716,1200,1473.15,3.16824697,3.568947639,43.1320323,19.04301001,-0.659771232,4.100238627,66.44636558
SrB6,mp-242,2235,2508.15,3.399353506,6.176240216,130.7611809,124.3607325,-0.449629501,3.417060889,25.69745635
SrBr2,mp-567744,643,916.15,2.961966586,3.633440624,27.19984202,9.900648145,-2.149131266,3.755932998,63.57901258
SrCl2,mp-23209,874,1147.15,3.059620209,4.085607253,38.98633452,13.0931802,-2.881729978,3.008534475,70.5072289
SrF2,mp-981,1477,1750.15,3.243075272,5.405644787,74.25833411,32.40052644,-4.251848406,4.133836695,89.92612755
SrH2,mp-23714,1050,1323.15,3.121609081,2.591684004,39.64626916,17.33532124,-0.635288126,3.317781041,32.33661538
SrI2,mp-568284,538,811.15,2.909101173,3.139955339,18.606564,8.948472419,-1.709495165,4.242869104,51.85847136
SrO,mp-2472,2531,2804.15,3.447801241,5.602737525,77.09093135,38.07095296,-3.084744534,4.877526424,78.77573323
SrS,mp-1087,2002,2275.15,3.357010035,4.908896495,42.71873354,27.23530011,-2.47529723,3.566052108,48.53277558
SrSe,mp-2758,1600,1873.15,3.272572557,4.2364029,37.63894479,22.57014129,-2.06232079,4.41686713,47.2707576
SrSi2,mp-1727,1100,1373.15,3.137717981,3.972012307,52.61888938,37.51944739,-0.366961252,3.472602102,20.19826979
Ta2C,mp-7088,3327,3600.15,3.556320596,8.87508814,273.125407,157.7482113,-0.597663717,14.76867144,24.0902461
Ta2O5,mp-1539317,1872,2145.15,3.331457666,8.200116709,207.553383,72.52338474,-3.351821772,7.395680243,60.97235715
TaB,mp-1097,3107,3380.15,3.528935973,8.234642885,288.5218098,184.9052353,-0.812871009,13.98092219,7.030620524
TaC,mp-1086,3880,4153.15,3.618377617,8.775704895,312.3726672,205.3146693,-0.57593974,14.23428097,24.0902461
TaSi2,mp-11192,2200,2473.15,3.393250458,6.354171538,172.7414734,97.97613616,-0.478696248,8.940924456,3.921056085
TbBr3,mp-867247,827,1100.15,3.041451903,4.012313344,6.454322362,4.567354655,-1.853560144,3.821645121,57.89063401
TbCl3,mp-570232,558,831.15,2.919679409,4.552486869,41.69807409,12.81591839,-2.709219761,3.520047927,65.38558596
TbF3,mp-11347,1172,1445.15,3.159912927,6.276290588,105.6819967,47.11429111,-4.489364487,7.163535575,87.42676704
TbI3,mp-867231,957,1230.15,3.089958071,3.476128413,13.04737002,6.956877286,-1.377955544,3.984248352,45.57790737
TeF4,mp-561664,129,402.15,2.604388073,3.725607585,50.61576162,15.41200561,-2.492356209,3.963945904,58.67076222
TeO2,mp-2125,733,1006.15,3.002662732,4.610048209,68.07272348,24.55137224,-1.504898023,5.362720486,36.16700715
TeO3,mp-1101301,430,703.15,2.847047981,4.535639684,40.20702252,17.73427781,-1.353148112,4.719327511,36.16700715
ThC,mp-1164,2655,2928.15,3.466593321,7.590863085,176.6505,77.54278565,-0.276161105,10.55853393,32.33661538
ThCl4,mp-567431,770,1043.15,3.018346762,4.766846357,51.78040392,16.2948395,-2.638258406,4.4504483,57.89063401
ThN,mp-834,2820,3093.15,3.490400981,7.515708985,211.3318609,82.04705981,-1.764032861,11.78644123,53.08815576
Ti2O3,mp-458,2130,2403.15,3.380780879,7.638233388,212.9258892,123.7009619,-3.312792627,4.52357834,59.44454949
Ti5Si3,mp-2108,2130,2403.15,3.380780879,6.052236866,138.737553,84.40110964,-0.771028626,4.347039406,3.188074308
TiB2,mp-1145,3230,3503.15,3.544458734,7.22666541,258.3651045,214.0686465,-1.055522112,4.487425163,6.058693719
TiCl2,mp-28116,1035,1308.15,3.116657546,4.316106757,54.53861226,17.11780467,-1.755443462,2.682312796,48.11290095
TiI2,mp-1207060,600,873.15,2.941088858,3.397574927,12.48425147,6.738433444,-0.610328733,5.095647985,26.91887058
TiI4,mp-541013,150,423.15,2.626494345,2.934408532,16.9623021,7.713023716,-0.728078762,4.366869075,26.91887058
TiN,mp-492,2930,3203.15,3.505577277,7.17396273,256.8852748,161.0453411,-1.907680756,5.340297483,43.02171753
TiO,mp-1071163,1750,2023.15,3.306028083,7.468995655,229.625609,132.7226348,-2.915823636,5.06132625,59.44454949
TiO2,mp-554278,1843,2116.15,3.325546449,7.685584657,166.3533709,96.34883884,-3.511964735,3.615940061,59.44454949
TiSi2,mp-1077503,1470,1743.15,3.24133476,5.524653753,134.2234358,106.9288884,-0.56281668,4.027104901,3.188074308
Tl2O3,mp-1658,717,990.15,2.995700992,3.979849888,95.16426518,22.70917615,-1.11352795,9.702866862,56.31214325
TlBr,mp-568560,480,753.15,2.87688148,2.614102065,21.74620023,7.949779588,-0.884221985,6.055751177,36.16700715
TlCl,mp-569639,430,703.15,2.847047981,2.834388295,25.44947943,7.835379718,-1.314832277,5.7166201,44.72779357
TlF,mp-720,327,600.15,2.77825981,3.463756815,50.19505253,10.68875616,-1.981761468,7.625370866,75.15217593
TlI,mp-571102,440,713.15,2.853180887,2.371027645,16.5923347,7.241258154,-0.681534453,6.05014633,23.69257964
TlSe,mp-1836,330,603.15,2.780425332,2.660742371,35.60730793,14.00323715,-0.275379762,7.714673989,19.44459682
TmBr3,mp-865301,952,1225.15,3.088189264,3.94785584,22.53641544,8.565214401,-1.831251663,3.948455443,51.85847136
TmCl3,mp-28044,821,1094.15,3.039076865,4.49264579,46.76185357,14.17980671,-2.691527706,3.959802152,59.82900628
TmF3,mp-865194,1158,1431.15,3.155685155,5.889397515,238.5520144,72.30321253,-4.144620438,9.01700474,84.48286052
TmI3,mp-865353,1015,1288.15,3.109966438,3.393562456,11.74050074,6.465466009,-1.337538611,3.902038752,39.16622248
UB2,mp-1514,2430,2703.15,3.431870146,7.021433213,329.1319671,172.1415892,-0.584166096,13.03875758,10.3179905
UBr3,mp-23255,730,1003.15,3.001365877,3.976546054,49.56495907,16.37875176,-1.292199429,6.421426733,46.42566193
UC,mp-2489,2790,3063.15,3.486168264,7.353215845,293.7655113,124.5383462,-0.124722285,13.80024587,28.98116057
UC2,mp-2486,2350,2623.15,3.418823126,7.58696645,297.051762,156.3768039,-0.11237496,11.77880776,28.98116057
UCl3,mp-23208,835,1108.15,3.044598551,4.502823848,64.83483156,19.70693183,-2.133963315,5.491561673,54.71072788
UCl4,mp-23235,590,863.15,2.936086275,4.178757052,17.76553713,11.45640555,-2.084652469,4.629107734,54.71072788
UF5,mp-1852,348,621.15,2.79319649,5.752067928,109.0439887,33.23657549,-3.903735097,5.151624829,81.5480476
UF6,mp-2275,64,337.15,2.527823164,5.428947077,94.27541463,28.6860718,-3.713239015,4.638046314,81.5480476
UN,mp-1865,2675,2948.15,3.469549576,7.167035345,311.8469735,119.5024091,-1.501567641,14.46962117,49.78718937
UO2,mp-1597,2865,3138.15,3.496673699,8.200385007,268.6141327,124.5142602,-3.760641264,11.26254119,65.38558596
V2C,mp-20648,2167,2440.15,3.387416524,6.740458758,232.4679639,145.8902709,-0.472562522,5.741137786,19.07116518
V2O3,mp-18937,1940,2213.15,3.34501085,6.74457751,173.4245801,79.12308149,-2.528487801,4.643588619,55.91387152
V2O4,mp-19094,1967,2240.15,3.3502771,6.567457178,168.6954995,77.4098898,-2.484963132,4.446943636,55.91387152
V2O5,mp-25279,690,963.15,2.983693929,6.282312421,48.10540435,25.21277364,-2.295243849,3.012184513,55.91387152
V3Si,mp-2567,1935,2208.15,3.344028572,5.677650234,179.4600604,96.48997513,-0.46460186,5.77814219,1.805992901
VB,mp-9973,2250,2523.15,3.40194307,6.762404018,267.6034418,187.5681953,-0.847778282,5.631694261,4.115419087
VB2,mp-1491,2450,2723.15,3.435071564,6.819375173,286.1508058,226.2106454,-0.739357752,5.10857069,4.115419087
VC,mp-1282,2810,3083.15,3.488994654,7.104013605,289.6109529,197.9745358,-0.41139459,5.800035846,19.07116518
VN,mp-1018027,2050,2323.15,3.366077252,6.48390053,330.1886553,259.6509361,-1.354307371,6.23865029,39.16622248
VO,mp-19184,1790,2063.15,3.314530804,6.506193682,167.2528284,91.91537688,-2.089710478,5.196116801,55.91387152
W2B,mp-1113,2670,2943.15,3.468812397,7.932834505,337.3740553,153.7396505,-0.261861554,16.75971941,2.52750984
W2B5,mp-8079,2365,2638.15,3.421299485,6.701966339,168.6041907,90.97241885,0.248908235,11.76511744,2.52750984
WB,mp-7832,2660,2933.15,3.467334273,7.723607461,333.7953311,184.473686,-0.36767755,15.33150269,2.52750984
WF6,mp-555003,2.3,275.45,2.440042777,4.798182829,3.36922615,2.939111757,-2.823780587,4.183681723,48.11290095
WO3,mp-19443,1472,1745.15,3.241832762,6.810816014,97.63685443,40.14691767,-2.17466446,6.656532553,25.29326969
WSi2,mp-1620,2165,2438.15,3.387060421,6.178863697,191.3800195,98.26176098,-0.34728305,9.689780275,5.152514477
Y2O3,mp-2652,2425,2698.15,3.43106609,7.745725134,135.5199245,76.50379482,-3.980255982,4.892007864,70.83205927
Y2S3,mp-541289,1925,2198.15,3.342057325,6.136671567,74.24767772,41.66384003,-2.472474886,3.775544157,37.02296186
YbF3,mp-22072,1052,1325.15,3.122265041,4.496398793,152.2719539,35.7689885,-3.437583161,7.932252075,87.42676704
YBr3,mp-754815,904,1177.15,3.070831807,4.050413522,25.05104259,9.739991273,-1.915642018,3.481606379,53.08815576
YCl3,mp-27455,721,994.15,2.997451917,4.54893732,33.74563104,10.93829468,-2.729651908,2.299516587,60.97235715
YF3,mp-2416,1387,1660.15,3.22014733,6.212714739,70.47252489,41.9719595,-4.449770335,4.778107946,85.1088037
YI3,mp-571442,1004,1277.15,3.106241908,3.511643704,8.858477231,4.34933783,-1.437452531,4.01172799,40.45274578
Zn3As2,mp-680580,1015,1288.15,3.109966438,1.99550112,51.67331798,21.06027679,-0.148437963,5.423547241,6.78159451
Zn3P2,mp-2071,420,693.15,2.840827228,2.255781436,60.84950844,25.40410904,-0.188477562,4.535573554,7.030620524
ZnCl2,mp-22909,290,563.15,2.750624088,2.572570992,32.53598806,8.57949975,-1.544091636,2.755305033,43.44886993
ZnF2,mp-1873,872,1145.15,3.058862377,3.600764197,96.75336926,26.23452636,-2.622365736,4.674879836,74.26260003
ZnO,mp-2133,1975,2248.15,3.351825285,4.053555555,115.1407468,34.93712537,-1.798659443,5.437864496,55.11313621
ZnSb,mp-753,570,843.15,2.925904844,1.934968088,41.70839151,17.52026596,-0.028138728,6.144086677,3.921056085
ZnSe,mp-1190,1517,1790.15,3.252889423,2.62628301,46.57875864,18.52031773,-0.715297779,5.064263884,18.33135174
ZnTe,mp-2176,1239,1512.15,3.179594874,2.26414633,32.72088195,15.79249716,-0.473298533,5.418813343,4.936490814
ZrB2,mp-1472,3000,3273.15,3.514965908,7.42952331,224.9370031,174.5156346,-0.987354686,6.03310523,11.84071933
ZrC,mp-2795,3532,3805.15,3.580371781,8.04082761,197.5338259,138.3634581,-0.80498179,6.50296405,31.07146895
ZrF4,mp-1105223,910,1183.15,3.073039808,6.062583849,100.7344406,43.34221147,-4.025635436,4.415920868,82.7200791
ZrN,mp-1352,2980,3253.15,3.512304089,7.5429016,208.0292382,127.7418734,-1.870081636,7.098978293,51.85847136
ZrO2,mp-2858,2710,2983.15,3.474675091,8.268456291,196.0371009,115.9534258,-3.823811042,5.563611317,67.14364485
ZrS2,mp-1186,1480,1753.15,3.243819076,6.288032493,66.99831691,37.46612324,-1.955912212,3.307469233,32.33661538
ZrSi2,mp-1515,1620,1893.15,3.277185026,5.881939037,123.5030122,76.71978931,-0.649076637,4.846510561,7.801377879
