,"Sample 
Number 
 
","Elapsed 
Time 
 
"," 
Notes 
 
","Flow 
F1 
 
[l/min]","Solenoid 
Valve 
 
[I/O]","Solenoid 
Valve 
Position 
","Pump 
Speed 
 
[%]","PID A 
Proportional 
Band 
[%]","PID A 
Integral 
Time 
[s]","PID A 
Derivative 
Time 
[s]","PID A 
Set 
Point 
","PID A 
Controller 
Output 
[%]"
,1,00:00,,0.00,1,Closed,0,130,20,0,1.5,0
,2,00:00,,0.00,1,Closed,0,130,20,0,1.5,0
,3,00:01,,0.00,1,Closed,0,130,20,0,1.5,0
,4,00:01,,0.00,1,Closed,0,130,20,0,1.5,0
,5,00:01,,0.00,1,Closed,0,130,20,0,1.5,0
,6,00:02,,0.00,1,Closed,0,130,20,0,1.5,0
,7,00:02,,0.00,1,Closed,0,130,20,0,1.5,0
,8,00:02,,0.00,1,Closed,0,130,20,0,1.5,0
,9,00:02,,0.00,1,Closed,0,130,20,0,1.5,0
,10,00:03,,0.00,1,Closed,0,130,20,0,1.5,0
,11,00:03,,0.00,1,Closed,0,130,20,0,1.5,0
,12,00:03,,0.00,1,Closed,0,130,20,0,1.5,0
,13,00:03,,0.00,1,Closed,0,130,20,0,1.5,0
,14,00:04,,0.00,1,Closed,0,130,20,0,1.5,0
,15,00:04,,0.00,1,Closed,0,130,20,0,1.5,0
,16,00:04,,0.00,1,Closed,0,130,20,0,1.5,0
,17,00:04,,0.00,1,Closed,0,130,20,0,1.5,0
,18,00:05,,0.00,1,Closed,0,130,20,0,1.5,0
,19,00:05,,0.00,1,Closed,0,130,20,0,1.5,0
,20,00:05,,0.00,1,Closed,0,130,20,0,1.5,0
,21,00:05,,0.00,1,Closed,0,130,20,0,1.5,0
,22,00:06,,0.00,1,Closed,0,130,20,0,1.5,0
,23,00:06,,0.00,1,Closed,0,130,20,0,1.5,0
,24,00:06,,0.00,1,Closed,0,130,20,0,1.5,0
,25,00:07,,0.00,1,Closed,0,130,20,0,1.5,0
,26,00:07,,0.00,1,Closed,0,130,20,0,1.5,0
,27,00:07,,0.00,1,Closed,0,130,20,0,1.5,0
,28,00:07,,0.00,1,Closed,0,130,20,0,1.5,0
,29,00:08,,0.00,1,Closed,0,130,20,0,1.5,0
,30,00:08,,0.00,1,Closed,0,130,20,0,1.5,0
,31,00:08,,0.00,1,Closed,0,130,20,0,1.5,0
,32,00:08,,0.00,1,Closed,0,130,20,0,1.5,0
,33,00:09,,0.00,1,Closed,0,130,20,0,1.5,0
,34,00:09,,0.00,1,Closed,0,130,20,0,1.5,0
,35,00:09,,0.00,1,Closed,0,130,20,0,1.5,0
,36,00:09,,0.00,1,Closed,0,130,20,0,1.5,29
,37,00:10,,0.00,1,Closed,29,130,20,0,1.5,29
,38,00:10,,0.00,1,Closed,29,130,20,0,1.5,30
,39,00:10,,0.70,1,Closed,30,130,20,0,1.5,30
,40,00:10,,0.71,1,Closed,30,130,20,0.1,1.5,17
,41,00:11,,0.75,1,Closed,17,130,20,0.1,1.5,17
,42,00:11,,0.76,1,Closed,17,130,20,0.1,1.5,16
,43,00:11,,0.32,1,Closed,16,130,20,0.1,1.5,16
,44,00:12,,0.32,1,Closed,16,130,20,0.1,1.5,28
,45,00:12,,0.24,1,Closed,28,130,20,0.1,1.5,25
,46,00:12,,0.23,1,Closed,25,130,20,0.1,1.5,28
,47,00:12,,0.57,1,Closed,28,130,20,0.1,1.5,28
,48,00:13,,0.58,1,Closed,28,130,20,0.1,1.5,19
,49,00:13,,0.65,1,Closed,19,130,20,0.1,1.5,22
,50,00:13,,0.39,1,Closed,22,130,20,0.1,1.5,20
,51,00:13,,0.38,1,Closed,20,130,20,0.1,1.5,28
,52,00:14,,0.38,1,Closed,28,130,20,0.1,1.5,26
,53,00:14,,0.38,1,Closed,26,130,20,0.1,1.5,26
,54,00:14,,0.57,1,Closed,26,130,20,0.1,1.5,27
,55,00:14,,0.58,1,Closed,27,130,20,0.1,1.5,22
,56,00:15,,0.60,1,Closed,22,130,20,0.1,1.5,23
,57,00:15,,0.61,1,Closed,23,130,20,0.1,1.5,23
,58,00:15,,0.55,1,Closed,23,130,20,0.1,1.5,23
,59,00:15,,0.48,1,Closed,23,130,20,0.1,1.5,25
,60,00:16,,0.49,1,Closed,25,130,20,0.1,1.5,27
,61,00:16,,0.49,1,Closed,27,130,20,0.1,1.5,26
,62,00:16,,0.58,1,Closed,26,130,20,0.1,1.5,26
,63,00:17,,0.58,1,Closed,26,130,20,0.1,1.5,24
,64,00:17,,0.59,1,Closed,24,130,20,0.1,1.5,25
,65,00:17,,0.60,1,Closed,25,130,20,0.1,1.5,25
,66,00:17,,0.52,1,Closed,25,130,20,0.1,1.5,25
,67,00:18,,0.51,1,Closed,25,130,20,0.1,1.5,28
,68,00:18,,0.55,1,Closed,28,130,20,0.1,1.5,27
,69,00:18,,0.55,1,Closed,27,130,20,0.1,1.5,27
,70,00:18,,0.61,1,Closed,27,130,20,0.1,1.5,27
,71,00:19,,0.61,1,Closed,27,130,20,0.1,1.5,26
,72,00:19,,0.62,1,Closed,26,130,20,0.1,1.5,27
,73,00:19,,0.62,1,Closed,27,130,20,0.1,1.5,26
,74,00:19,,0.59,1,Closed,26,130,20,0.1,1.5,27
,75,00:20,,0.60,1,Closed,27,130,20,0.1,1.5,28
,76,00:20,,0.59,1,Closed,28,130,20,0.1,1.5,28
,77,00:20,,0.64,1,Closed,28,130,20,0.1,1.5,28
,78,00:20,,0.64,1,Closed,28,130,20,0.1,1.5,27
,79,00:21,,0.62,1,Closed,27,130,20,0.1,1.5,27
,80,00:21,,0.63,1,Closed,27,130,20,0.1,1.5,28
,81,00:21,,0.63,1,Closed,28,130,20,0.1,1.5,28
,82,00:21,,0.63,1,Closed,28,130,20,0.1,1.5,28
,83,00:22,,0.64,1,Closed,28,130,20,0.1,1.5,29
,84,00:22,,0.65,1,Closed,29,130,20,0.1,1.5,28
,85,00:22,,0.69,1,Closed,28,130,20,0.1,1.5,29
,86,00:23,,0.69,1,Closed,29,130,20,0.1,1.5,28
,87,00:23,,0.68,1,Closed,28,130,20,0.1,1.5,28
,88,00:23,,0.68,1,Closed,28,130,20,0.1,1.5,29
,89,00:23,,0.66,1,Closed,29,130,20,0.1,1.5,29
,90,00:24,,0.65,1,Closed,29,130,20,0.1,1.5,30
,91,00:24,,0.70,1,Closed,30,130,20,0.1,1.5,30
,92,00:24,,0.70,1,Closed,30,130,20,0.1,1.5,29
,93,00:24,,0.72,1,Closed,29,130,20,0.1,1.5,29
,94,00:25,,0.72,1,Closed,29,130,20,0.1,1.5,29
,95,00:25,,0.70,1,Closed,29,130,20,0.1,1.5,29
,96,00:25,,0.70,1,Closed,29,130,20,0.1,1.5,30
,97,00:25,,0.70,1,Closed,30,130,20,0.1,1.5,30
,98,00:26,,0.70,1,Closed,30,130,20,0.1,1.5,30
,99,00:26,,0.74,1,Closed,30,130,20,0.1,1.5,31
,100,00:26,,0.74,1,Closed,31,130,20,0.1,1.5,30
,101,00:26,,0.75,1,Closed,30,130,20,0.1,1.5,30
,102,00:27,,0.72,1,Closed,30,130,20,0.1,1.5,30
,103,00:27,,0.72,1,Closed,30,130,20,0.1,1.5,31
,104,00:27,,0.74,1,Closed,31,130,20,0.1,1.5,31
,105,00:28,,0.78,1,Closed,31,130,20,0.1,1.5,31
,106,00:28,,0.77,1,Closed,31,130,20,0.1,1.5,30
,107,00:28,,0.78,1,Closed,30,130,20,0.1,1.5,31
,108,00:28,,0.74,1,Closed,31,130,20,0.1,1.5,31
,109,00:29,,0.74,1,Closed,31,130,20,0.1,1.5,32
,110,00:29,,0.75,1,Closed,32,130,20,0.1,1.5,32
,111,00:29,,0.75,1,Closed,32,130,20,0.1,1.5,32
,112,00:29,,0.81,1,Closed,32,130,20,0.1,1.5,32
,113,00:30,,0.81,1,Closed,32,130,20,0.1,1.5,31
,114,00:30,,0.82,1,Closed,31,130,20,0.1,1.5,31
,115,00:30,,0.82,1,Closed,31,130,20,0.1,1.5,31
,116,00:30,,0.79,1,Closed,31,130,20,0.1,1.5,31
,117,00:31,,0.79,1,Closed,32,130,20,0.1,1.5,32
,118,00:31,,0.78,1,Closed,32,130,20,0.1,1.5,32
,119,00:31,,0.77,1,Closed,32,130,20,0.1,1.5,33
,120,00:31,,0.82,1,Closed,33,130,20,0.1,1.5,33
,121,00:32,,0.82,1,Closed,33,130,20,0.1,1.5,32
,122,00:32,,0.86,1,Closed,32,130,20,0.1,1.5,32
,123,00:32,,0.82,1,Closed,32,130,20,0.1,1.5,32
,124,00:32,,0.82,1,Closed,32,130,20,0.1,1.5,33
,125,00:33,,0.82,1,Closed,33,130,20,0.1,1.5,33
,126,00:33,,0.81,1,Closed,33,130,20,0.1,1.5,33
,127,00:33,,0.84,1,Closed,33,130,20,0.1,1.5,34
,128,00:34,,0.84,1,Closed,34,130,20,0.1,1.5,33
,129,00:34,,0.88,1,Closed,33,130,20,0.1,1.5,33
,130,00:34,,0.89,1,Closed,33,130,20,0.1,1.5,32
,131,00:34,,0.87,1,Closed,32,130,20,0.1,1.5,33
,132,00:35,,0.87,1,Closed,33,130,20,0.1,1.5,33
,133,00:35,,0.86,1,Closed,33,130,20,0.1,1.5,33
,134,00:35,,0.82,1,Closed,33,130,20,0.1,1.5,34
,135,00:35,,0.86,1,Closed,34,130,20,0.1,1.5,35
,136,00:36,,0.90,1,Closed,35,130,20,0.1,1.5,34
,137,00:36,,0.93,1,Closed,34,130,20,0.1,1.5,33
,138,00:36,,0.94,1,Closed,33,130,20,0.1,1.5,33
,139,00:36,,0.87,1,Closed,33,130,20,0.1,1.5,33
,140,00:37,,0.87,1,Closed,33,130,20,0.1,1.5,35
,141,00:37,,0.87,1,Closed,35,130,20,0.1,1.5,35
,142,00:37,,0.83,1,Closed,35,130,20,0.1,1.5,35
,143,00:37,,0.90,1,Closed,35,130,20,0.1,1.5,36
,144,00:38,,0.90,1,Closed,36,130,20,0.1,1.5,34
,145,00:38,,0.96,1,Closed,34,130,20,0.1,1.5,35
,146,00:38,,0.96,1,Closed,35,130,20,0.1,1.5,33
,147,00:39,,0.91,1,Closed,33,130,20,0.1,1.5,34
,148,00:39,,0.91,1,Closed,34,130,20,0.1,1.5,35
,149,00:39,,0.85,1,Closed,35,130,20,0.1,1.5,35
,150,00:39,,0.85,1,Closed,35,130,20,0.1,1.5,37
,151,00:40,,0.92,1,Closed,37,130,20,0.1,1.5,37
,152,00:40,,0.99,1,Closed,37,130,20,0.1,1.5,35
,153,00:40,,1.00,1,Closed,35,130,20,0.1,1.5,33
,154,00:40,,0.92,1,Closed,33,130,20,0.1,1.5,34
,155,00:41,,0.92,1,Closed,34,130,20,0.1,1.5,36
,156,00:41,,0.87,1,Closed,36,130,20,0.1,1.5,36
,157,00:41,,0.87,1,Closed,36,130,20,0.1,1.5,37
,158,00:41,,0.95,1,Closed,37,130,20,0.1,1.5,37
,159,00:42,,0.95,1,Closed,37,130,20,0.1,1.5,35
,160,00:42,,0.99,1,Closed,35,130,20,0.1,1.5,36
,161,00:42,,1.01,1,Closed,36,130,20,0.1,1.5,35
,162,00:42,,0.96,1,Closed,35,130,20,0.1,1.5,35
,163,00:43,,0.96,1,Closed,35,130,20,0.1,1.5,36
,164,00:43,,0.92,1,Closed,36,130,20,0.1,1.5,36
,165,00:43,,0.91,1,Closed,36,130,20,0.1,1.5,37
,166,00:43,,0.97,1,Closed,37,130,20,0.1,1.5,37
,167,00:44,,0.97,1,Closed,37,130,20,0.1,1.5,36
,168,00:44,,1.02,1,Closed,36,130,20,0.1,1.5,36
,169,00:44,,1.02,1,Closed,36,130,20,0.1,1.5,35
,170,00:45,,0.98,1,Closed,35,130,20,0.1,1.5,36
,171,00:45,,1.03,1,Closed,36,130,20,0.1,1.5,37
,172,00:45,,0.96,1,Closed,37,130,20,0.1,1.5,35
,173,00:45,,0.96,1,Closed,35,130,20,0.1,1.5,38
,174,00:46,,0.98,1,Closed,38,130,20,0.1,1.5,38
,175,00:46,,0.98,1,Closed,38,130,20,0.1,1.5,37
,176,00:46,,1.04,1,Closed,37,130,20,0.1,1.5,37
,177,00:46,,1.02,1,Closed,37,130,20,0.1,1.5,36
,178,00:47,,1.02,1,Closed,36,130,20,0.1,1.5,37
,179,00:47,,0.98,1,Closed,37,130,20,0.1,1.5,37
,180,00:47,,0.97,1,Closed,37,130,20,0.1,1.5,38
,181,00:47,,1.02,1,Closed,38,130,20,0.1,1.5,38
,182,00:48,,1.01,1,Closed,38,130,20,0.1,1.5,37
,183,00:48,,1.05,1,Closed,37,130,20,0.1,1.5,38
,184,00:48,,1.05,1,Closed,38,130,20,0.1,1.5,37
,185,00:48,,1.04,1,Closed,37,130,20,0.1,1.5,37
,186,00:49,,1.04,1,Closed,37,130,20,0.1,1.5,38
,187,00:49,,0.99,1,Closed,38,130,20,0.1,1.5,38
,188,00:49,,1.04,1,Closed,38,130,20,0.1,1.5,39
,189,00:50,,1.03,1,Closed,39,130,20,0.1,1.5,37
,190,00:50,,1.03,1,Closed,37,130,20,0.1,1.5,38
,191,00:50,,0.98,1,Closed,38,130,20,0.1,1.5,38
,192,00:50,,0.99,1,Closed,38,130,20,0.1,1.5,40
,193,00:51,,1.05,1,Closed,40,130,20,0.1,1.5,39
,194,00:51,,1.05,1,Closed,39,130,20,0.1,1.5,38
,195,00:51,,1.11,1,Closed,38,130,20,0.1,1.5,38
,196,00:51,,1.11,1,Closed,38,130,20,0.1,1.5,37
,197,00:52,,1.06,1,Closed,37,130,20,0.1,1.5,37
,198,00:52,,1.06,1,Closed,37,130,20,0.1,1.5,39
,199,00:52,,1.02,1,Closed,39,130,20,0.1,1.5,38
,200,00:52,,1.02,1,Closed,38,130,20,0.1,1.5,40
,201,00:53,,1.06,1,Closed,40,130,20,0.1,1.5,40
,202,00:53,,1.11,1,Closed,40,130,20,0.1,1.5,39
,203,00:53,,1.11,1,Closed,39,130,20,0.1,1.5,38
,204,00:53,,1.07,1,Closed,38,130,20,0.1,1.5,38
,205,00:54,,1.07,1,Closed,38,130,20,0.1,1.5,39
,206,00:54,,1.05,1,Closed,39,130,20,0.1,1.5,39
,207,00:54,,1.05,1,Closed,39,130,20,0.1,1.5,40
,208,00:55,,1.10,1,Closed,40,130,20,0.1,1.5,40
,209,00:55,,1.15,1,Closed,40,130,20,0.1,1.5,39
,210,00:55,,1.10,1,Closed,39,130,20,0.1,1.5,38
,211,00:55,,1.10,1,Closed,38,130,20,0.1,1.5,39
,212,00:56,,1.06,1,Closed,39,130,20,0.1,1.5,39
,213,00:56,,1.06,1,Closed,39,130,20,0.1,1.5,40
,214,00:56,,1.09,1,Closed,40,130,20,0.1,1.5,40
,215,00:56,,1.10,1,Closed,40,130,20,0.1,1.5,40
,216,00:57,,1.11,1,Closed,40,130,20,0.1,1.5,39
,217,00:57,,1.11,1,Closed,39,130,20,0.1,1.5,39
,218,00:57,,1.07,1,Closed,39,130,20,0.1,1.5,40
,219,00:57,,1.07,1,Closed,40,130,20,0.1,1.5,41
,220,00:58,,1.12,1,Closed,41,130,20,0.1,1.5,41
,221,00:58,,1.12,1,Closed,41,130,20,0.1,1.5,39
,222,00:58,,1.15,1,Closed,39,130,20,0.1,1.5,40
,223,00:58,,1.11,1,Closed,40,130,20,0.1,1.5,39
,224,00:59,,1.11,1,Closed,39,130,20,0.1,1.5,40
,225,00:59,,1.09,1,Closed,40,130,20,0.1,1.5,40
,226,00:59,,1.10,1,Closed,40,130,20,0.1,1.5,41
,227,01:00,,1.15,1,Closed,41,130,20,0.1,1.5,41
,228,01:00,,1.15,1,Closed,41,130,20,0.1,1.5,40
,229,01:00,,1.14,1,Closed,40,130,20,0.1,1.5,40
,230,01:00,,1.14,1,Closed,40,130,20,0.1,1.5,40
,231,01:01,,1.13,1,Closed,40,130,20,0.1,1.5,40
,232,01:01,,1.13,1,Closed,40,130,20,0.1,1.5,41
,233,01:01,,1.13,1,Closed,41,130,20,0.1,1.5,41
,234,01:01,,1.13,1,Closed,41,130,20,0.1,1.5,41
,235,01:02,,1.16,1,Closed,41,130,20,0.1,1.5,41
,236,01:02,,1.16,1,Closed,41,130,20,0.1,1.5,40
,237,01:02,,1.17,1,Closed,40,130,20,0.1,1.5,40
,238,01:02,,1.17,1,Closed,40,130,20,0.1,1.5,40
,239,01:03,,1.14,1,Closed,40,130,20,0.1,1.5,40
,240,01:03,,1.14,1,Closed,40,130,20,0.1,1.5,41
,241,01:03,,1.16,1,Closed,41,130,20,0.1,1.5,41
,242,01:03,,1.16,1,Closed,41,130,20,0.1,1.5,41
,243,01:04,,1.16,1,Closed,41,130,20,0.1,1.5,41
,244,01:04,,1.17,1,Closed,41,130,20,0.1,1.5,41
,245,01:04,,1.15,1,Closed,41,130,20,0.1,1.5,41
,246,01:05,,1.15,1,Closed,41,130,20,0.1,1.5,41
,247,01:05,,1.15,1,Closed,41,130,20,0.1,1.5,41
,248,01:05,,1.16,1,Closed,41,130,20,0.1,1.5,42
,249,01:05,,1.16,1,Closed,42,130,20,0.1,1.5,41
,250,01:06,,1.20,1,Closed,41,130,20,0.1,1.5,42
,251,01:06,,1.20,1,Closed,42,130,20,0.1,1.5,41
,252,01:06,,1.18,1,Closed,41,130,20,0.1,1.5,41
,253,01:06,,1.18,1,Closed,41,130,20,0.1,1.5,41
,254,01:07,,1.18,1,Closed,42,130,20,0.1,1.5,41
,255,01:07,,1.18,1,Closed,42,130,20,0.1,1.5,42
,256,01:07,,1.20,1,Closed,42,130,20,0.1,1.5,42
,257,01:07,,1.20,1,Closed,42,130,20,0.1,1.5,41
,258,01:08,,1.24,1,Closed,41,130,20,0.1,1.5,41
,259,01:08,,1.20,1,Closed,42,130,20,0.1,1.5,40
,260,01:08,,1.19,1,Closed,40,130,20,0.1,1.5,42
,261,01:08,,1.20,1,Closed,42,130,20,0.1,1.5,42
,262,01:09,,1.20,1,Closed,42,130,20,0.1,1.5,42
,263,01:09,,1.20,1,Closed,42,130,20,0.1,1.5,42
,264,01:09,,1.19,1,Closed,42,130,20,0.1,1.5,42
,265,01:09,,1.20,1,Closed,42,130,20,0.1,1.5,42
,266,01:10,,1.20,1,Closed,42,130,20,0.1,1.5,42
,267,01:10,,1.20,1,Closed,42,130,20,0.1,1.5,42
,268,01:10,,1.22,1,Closed,42,130,20,0.1,1.5,42
,269,01:11,,1.21,1,Closed,42,130,20,0.1,1.5,42
,270,01:11,,1.21,1,Closed,42,130,20,0.1,1.5,42
,271,01:11,,1.22,1,Closed,42,130,20,0.1,1.5,42
,272,01:11,,1.22,1,Closed,42,130,20,0.1,1.5,42
,273,01:12,,1.22,1,Closed,42,130,20,0.1,1.5,42
,274,01:12,,1.22,1,Closed,42,130,20,0.1,1.5,42
,275,01:12,,1.20,1,Closed,42,130,20,0.1,1.5,42
,276,01:12,,1.20,1,Closed,42,130,20,0.1,1.5,43
,277,01:13,,1.22,1,Closed,43,130,20,0.1,1.5,43
,278,01:13,,1.22,1,Closed,43,130,20,0.1,1.5,42
,279,01:13,,1.27,1,Closed,42,130,20,0.1,1.5,43
,280,01:13,,1.22,1,Closed,43,130,20,0.1,1.5,41
,281,01:14,,1.23,1,Closed,41,130,20,0.1,1.5,43
,282,01:14,,1.23,1,Closed,43,130,20,0.1,1.5,42
,283,01:14,,1.23,1,Closed,42,130,20,0.1,1.5,43
,284,01:15,,1.24,1,Closed,43,130,20,0.1,1.5,43
,285,01:15,,1.24,1,Closed,43,130,20,0.1,1.5,43
,286,01:15,,1.24,1,Closed,43,130,20,0.1,1.5,43
,287,01:15,,1.22,1,Closed,43,130,20,0.1,1.5,43
,288,01:16,,1.22,1,Closed,43,130,20,0.1,1.5,43
,289,01:16,,1.23,1,Closed,43,130,20,0.1,1.5,43
,290,01:16,,1.24,1,Closed,43,130,20,0.1,1.5,43
,291,01:16,,1.24,1,Closed,43,130,20,0.1,1.5,43
,292,01:17,,1.24,1,Closed,43,130,20,0.1,1.5,43
,293,01:17,,1.27,1,Closed,43,130,20,0.1,1.5,43
,294,01:17,,1.24,1,Closed,43,130,20,0.1,1.5,43
,295,01:17,,1.23,1,Closed,43,130,20,0.1,1.5,43
,296,01:18,,1.24,1,Closed,43,130,20,0.1,1.5,43
,297,01:18,,1.24,1,Closed,43,130,20,0.1,1.5,43
,298,01:18,,1.24,1,Closed,43,130,20,0.1,1.5,43
,299,01:18,,1.24,1,Closed,43,130,20,0.1,1.5,43
,300,01:19,,1.26,1,Closed,43,130,20,0.1,1.5,43
,301,01:19,,1.26,1,Closed,44,130,20,0.1,1.5,43
,302,01:19,,1.26,1,Closed,43,130,20,0.1,1.5,43
,303,01:19,,1.26,1,Closed,43,130,20,0.1,1.5,43
,304,01:20,,1.26,1,Closed,43,130,20,0.1,1.5,43
,305,01:20,,1.26,1,Closed,43,130,20,0.1,1.5,43
,306,01:20,,1.27,1,Closed,43,130,20,0.1,1.5,44
,307,01:21,,1.27,1,Closed,44,130,20,0.1,1.5,43
,308,01:21,,1.28,1,Closed,43,130,20,0.1,1.5,43
,309,01:21,,1.28,1,Closed,43,130,20,0.1,1.5,43
,310,01:21,,1.24,1,Closed,43,130,20,0.1,1.5,43
,311,01:22,,1.25,1,Closed,43,130,20,0.1,1.5,44
,312,01:22,,1.26,1,Closed,44,130,20,0.1,1.5,44
,313,01:22,,1.26,1,Closed,44,130,20,0.1,1.5,44
,314,01:22,,1.29,1,Closed,44,130,20,0.1,1.5,44
,315,01:23,,1.29,1,Closed,44,130,20,0.1,1.5,43
,316,01:23,,1.29,1,Closed,43,130,20,0.1,1.5,44
,317,01:23,,1.27,1,Closed,44,130,20,0.1,1.5,44
,318,01:23,,1.28,1,Closed,44,130,20,0.1,1.5,44
,319,01:24,,1.27,1,Closed,44,130,20,0.1,1.5,44
,320,01:24,,1.27,1,Closed,44,130,20,0.1,1.5,44
,321,01:24,,1.30,1,Closed,44,130,20,0.1,1.5,44
,322,01:24,,1.30,1,Closed,44,130,20,0.1,1.5,44
,323,01:25,,1.29,1,Closed,44,130,20,0.1,1.5,44
,324,01:25,,1.29,1,Closed,44,130,20,0.1,1.5,44
,325,01:25,,1.30,1,Closed,44,130,20,0.1,1.5,44
,326,01:26,,1.30,1,Closed,44,130,20,0.1,1.5,44
,327,01:26,,1.30,1,Closed,44,130,20,0.1,1.5,44
,328,01:26,,1.30,1,Closed,44,130,20,0.1,1.5,44
,329,01:26,,1.26,1,Closed,44,130,20,0.1,1.5,44
,330,01:27,,1.26,1,Closed,44,130,20,0.1,1.5,45
,331,01:27,,1.28,1,Closed,45,130,20,0.1,1.5,45
,332,01:27,,1.28,1,Closed,45,130,20,0.1,1.5,45
,333,01:27,,1.30,1,Closed,45,130,20,0.1,1.5,45
,334,01:28,,1.30,1,Closed,45,130,20,0.1,1.5,44
,335,01:28,,1.31,1,Closed,44,130,20,0.1,1.5,44
,336,01:28,,1.32,1,Closed,44,130,20,0.1,1.5,44
,337,01:28,,1.29,1,Closed,44,130,20,0.1,1.5,44
,338,01:29,,1.29,1,Closed,44,130,20,0.1,1.5,45
,339,01:29,,1.28,1,Closed,45,130,20,0.1,1.5,45
,340,01:29,,1.29,1,Closed,45,130,20,0.1,1.5,45
,341,01:29,,1.33,1,Closed,45,130,20,0.1,1.5,45
,342,01:30,,1.33,1,Closed,45,130,20,0.1,1.5,44
,343,01:30,,1.33,1,Closed,44,130,20,0.1,1.5,44
,344,01:30,,1.29,1,Closed,44,130,20,0.1,1.5,44
,345,01:30,,1.29,1,Closed,44,130,20,0.1,1.5,45
,346,01:31,,1.31,1,Closed,45,130,20,0.1,1.5,45
,347,01:31,,1.31,1,Closed,45,130,20,0.1,1.5,45
,348,01:31,,1.32,1,Closed,45,130,20,0.1,1.5,45
,349,01:32,,1.32,1,Closed,45,130,20,0.1,1.5,45
,350,01:32,,1.32,1,Closed,45,130,20,0.1,1.5,45
,351,01:32,,1.31,1,Closed,45,130,20,0.1,1.5,45
,352,01:32,,1.31,1,Closed,45,130,20,0.1,1.5,45
,353,01:33,,1.35,1,Closed,45,130,20,0.1,1.5,45
,354,01:33,,1.31,1,Closed,45,130,20,0.1,1.5,44
,355,01:33,,1.31,1,Closed,44,130,20,0.1,1.5,45
,356,01:33,,1.28,1,Closed,45,130,20,0.1,1.5,45
,357,01:34,,1.28,1,Closed,45,130,20,0.1,1.5,46
,358,01:34,,1.33,1,Closed,46,130,20,0.1,1.5,46
,359,01:34,,1.34,1,Closed,46,130,20,0.1,1.5,45
,360,01:34,,1.36,1,Closed,45,130,20,0.1,1.5,45
,361,01:35,,1.36,1,Closed,45,130,20,0.1,1.5,44
,362,01:35,,1.32,1,Closed,44,130,20,0.1,1.5,45
,363,01:35,,1.32,1,Closed,45,130,20,0.1,1.5,46
,364,01:35,,1.31,1,Closed,46,130,20,0.1,1.5,45
,365,01:36,,1.33,1,Closed,45,130,20,0.1,1.5,46
,366,01:36,,1.32,1,Closed,46,130,20,0.1,1.5,45
,367,01:36,,1.32,1,Closed,45,130,20,0.1,1.5,46
,368,01:37,,1.32,1,Closed,46,130,20,0.1,1.5,45
,369,01:37,,1.34,1,Closed,45,130,20,0.1,1.5,46
,370,01:37,,1.38,1,Closed,46,130,20,0.1,1.5,45
,371,01:37,,1.37,1,Closed,45,130,20,0.1,1.5,44
,372,01:38,,1.37,1,Closed,44,130,20,0.1,1.5,45
,373,01:38,,1.28,1,Closed,45,130,20,0.1,1.5,45
,374,01:38,,1.28,1,Closed,45,130,20,0.1,1.5,47
,375,01:38,,1.28,1,Closed,47,130,20,0.1,1.5,47
,376,01:39,,1.28,1,Closed,47,130,20,0.1,1.5,47
,377,01:39,,1.36,1,Closed,47,130,20,0.1,1.5,47
,378,01:39,,1.36,1,Closed,47,130,20,0.1,1.5,45
,379,01:39,,1.40,1,Closed,45,130,20,0.1,1.5,45
,380,01:40,,1.40,1,Closed,45,130,20,0.1,1.5,44
,381,01:40,,1.32,1,Closed,44,130,20,0.1,1.5,45
,382,01:40,,1.32,1,Closed,45,130,20,0.1,1.5,47
,383,01:40,,1.31,1,Closed,47,130,20,0.1,1.5,46
,384,01:41,,1.31,1,Closed,46,130,20,0.1,1.5,46
,385,01:41,,1.36,1,Closed,46,130,20,0.1,1.5,46
,386,01:41,,1.36,1,Closed,46,130,20,0.1,1.5,45
,387,01:42,,1.35,1,Closed,45,130,20,0.1,1.5,46
,388,01:42,,1.33,1,Closed,46,130,20,0.1,1.5,46
,389,01:42,,1.33,1,Closed,46,130,20,0.1,1.5,46
,390,01:42,,1.36,1,Closed,46,130,20,0.1,1.5,46
,391,01:43,,1.36,1,Closed,46,130,20,0.1,1.5,45
,392,01:43,,1.35,1,Closed,45,130,20,0.1,1.5,46
,393,01:43,,1.35,1,Closed,46,130,20,0.1,1.5,46
,394,01:43,,1.37,1,Closed,46,130,20,0.1,1.5,46
,395,01:44,,1.37,1,Closed,46,130,20,0.1,1.5,45
,396,01:44,,1.36,1,Closed,45,130,20,0.1,1.5,46
,397,01:44,,1.36,1,Closed,46,130,20,0.1,1.5,46
,398,01:44,,1.35,1,Closed,46,130,20,0.1,1.5,46
,399,01:45,,1.35,1,Closed,46,130,20,0.1,1.5,46
,400,01:45,,1.36,1,Closed,46,130,20,0.1,1.5,46
,401,01:45,,1.36,1,Closed,46,130,20,0.1,1.5,46
,402,01:45,,1.39,1,Closed,46,130,20,0.1,1.5,46
,403,01:46,,1.39,1,Closed,46,130,20,0.1,1.5,45
,404,01:46,,1.35,1,Closed,45,130,20,0.1,1.5,46
,405,01:46,,1.35,1,Closed,46,130,20,0.1,1.5,47
,406,01:47,,1.36,1,Closed,47,130,20,0.1,1.5,47
,407,01:47,,1.36,1,Closed,47,130,20,0.1,1.5,46
,408,01:47,,1.38,1,Closed,46,130,20,0.1,1.5,46
,409,01:47,,1.38,1,Closed,46,130,20,0.1,1.5,46
,410,01:48,,1.35,1,Closed,46,130,20,0.1,1.5,46
,411,01:48,,1.34,1,Closed,46,130,20,0.1,1.5,47
,412,01:48,,1.34,1,Closed,47,130,20,0.1,1.5,47
,413,01:48,,1.41,1,Closed,47,130,20,0.1,1.5,47
,414,01:49,,1.41,1,Closed,47,130,20,0.1,1.5,45
,415,01:49,,1.37,1,Closed,45,130,20,0.1,1.5,46
,416,01:49,,1.37,1,Closed,46,130,20,0.1,1.5,47
,417,01:49,,1.37,1,Closed,47,130,20,0.1,1.5,46
,418,01:50,,1.37,1,Closed,46,130,20,0.1,1.5,46
,419,01:50,,1.35,1,Closed,46,130,20,0.1,1.5,47
,420,01:50,,1.35,1,Closed,47,130,20,0.1,1.5,47
,421,01:50,,1.39,1,Closed,47,130,20,0.1,1.5,47
,422,01:51,,1.39,1,Closed,47,130,20,0.1,1.5,46
,423,01:51,,1.39,1,Closed,46,130,20,0.1,1.5,46
,424,01:51,,1.39,1,Closed,46,130,20,0.1,1.5,46
,425,01:52,,1.35,1,Closed,46,130,20,0.1,1.5,46
,426,01:52,,1.35,1,Closed,46,130,20,0.1,1.5,47
,427,01:52,,1.41,1,Closed,47,130,20,0.1,1.5,47
,428,01:52,,1.40,1,Closed,47,130,20,0.1,1.5,46
,429,01:53,,1.41,1,Closed,46,130,20,0.1,1.5,46
,430,01:53,,1.41,1,Closed,46,130,20,0.1,1.5,46
,431,01:53,,1.38,1,Closed,46,130,20,0.1,1.5,46
,432,01:53,,1.38,1,Closed,46,130,20,0.1,1.5,47
,433,01:54,,1.37,1,Closed,47,130,20,0.1,1.5,47
,434,01:54,,1.39,1,Closed,47,130,20,0.1,1.5,47
,435,01:54,,1.39,1,Closed,47,130,20,0.1,1.5,47
,436,01:54,,1.38,1,Closed,47,130,20,0.1,1.5,47
,437,01:55,,1.39,1,Closed,47,130,20,0.1,1.5,47
,438,01:55,,1.38,1,Closed,47,130,20,0.1,1.5,47
,439,01:55,,1.38,1,Closed,47,130,20,0.1,1.5,47
,440,01:55,,1.38,1,Closed,47,130,20,0.1,1.5,47
,441,01:56,,1.37,1,Closed,47,130,20,0.1,1.5,47
,442,01:56,,1.40,1,Closed,47,130,20,0.1,1.5,47
,443,01:56,,1.40,1,Closed,47,130,20,0.1,1.5,46
,444,01:57,,1.41,1,Closed,46,130,20,0.1,1.5,47
,445,01:57,,1.41,1,Closed,47,130,20,0.1,1.5,47
,446,01:57,,1.40,1,Closed,47,130,20,0.1,1.5,47
,447,01:57,,1.40,1,Closed,47,130,20,0.1,1.5,47
,448,01:58,,1.38,1,Closed,47,130,20,0.1,1.5,47
,449,01:58,,1.38,1,Closed,47,130,20,0.1,1.5,47
,450,01:58,,1.38,1,Closed,48,130,20,0.1,1.5,47
,451,01:58,,1.38,1,Closed,47,130,20,0.1,1.5,47
,452,01:59,,1.41,1,Closed,47,130,20,0.1,1.5,47
,453,01:59,,1.41,1,Closed,47,130,20,0.1,1.5,47
,454,01:59,,1.43,1,Closed,47,130,20,0.1,1.5,47
,455,01:59,,1.40,1,Closed,47,130,20,0.1,1.5,46
,456,02:00,,1.39,1,Closed,46,130,20,0.1,1.5,47
,457,02:00,,1.39,1,Closed,47,130,20,0.1,1.5,47
,458,02:00,,1.40,1,Closed,47,130,20,0.1,1.5,47
,459,02:00,,1.43,1,Closed,47,130,20,0.1,1.5,47
,460,02:01,,1.41,1,Closed,47,130,20,0.1,1.5,46
,461,02:01,,1.38,1,Closed,46,130,20,0.1,1.5,47
,462,02:01,,1.38,1,Closed,47,130,20,0.1,1.5,48
,463,02:01,,1.40,1,Closed,48,130,20,0.1,1.5,48
,464,02:02,,1.40,1,Closed,48,130,20,0.1,1.5,47
,465,02:02,,1.40,1,Closed,47,130,20,0.1,1.5,47
,466,02:02,,1.40,1,Closed,47,130,20,0.1,1.5,47
,467,02:03,,1.42,1,Closed,47,130,20,0.1,1.5,47
,468,02:03,,1.42,1,Closed,47,130,20,0.1,1.5,47
,469,02:03,,1.40,1,Closed,47,130,20,0.1,1.5,47
,470,02:03,,1.40,1,Closed,47,130,20,0.1,1.5,47
,471,02:04,,1.39,1,Closed,47,130,20,0.1,1.5,47
,472,02:04,,1.40,1,Closed,47,130,20,0.1,1.5,48
,473,02:04,,1.40,1,Closed,48,130,20,0.1,1.5,47
,474,02:04,,1.40,1,Closed,47,130,20,0.1,1.5,47
,475,02:05,,1.39,1,Closed,47,130,20,0.1,1.5,47
,476,02:05,,1.39,1,Closed,47,130,20,0.1,1.5,48
,477,02:05,,1.42,1,Closed,48,130,20,0.1,1.5,48
,478,02:05,,1.43,1,Closed,48,130,20,0.1,1.5,47
,479,02:06,,1.44,1,Closed,47,130,20,0.1,1.5,47
,480,02:06,,1.44,1,Closed,47,130,20,0.1,1.5,47
,481,02:06,,1.42,1,Closed,47,130,20,0.1,1.5,47
,482,02:06,,1.41,1,Closed,47,130,20,0.1,1.5,47
,483,02:07,,1.40,1,Closed,47,130,20,0.1,1.5,47
,484,02:07,,1.38,1,Closed,47,130,20,0.1,1.5,48
,485,02:07,,1.39,1,Closed,48,130,20,0.1,1.5,48
,486,02:08,,1.44,1,Closed,48,130,20,0.1,1.5,48
,487,02:08,,1.44,1,Closed,48,130,20,0.1,1.5,47
,488,02:08,,1.40,1,Closed,47,130,20,0.1,1.5,47
,489,02:08,,1.40,1,Closed,47,130,20,0.1,1.5,48
,490,02:09,,1.37,1,Closed,48,130,20,0.1,1.5,48
,491,02:09,,1.37,1,Closed,48,130,20,0.1,1.5,49
,492,02:09,,1.43,1,Closed,49,130,20,0.1,1.5,48
,493,02:09,,1.43,1,Closed,48,130,20,0.1,1.5,47
,494,02:10,,1.45,1,Closed,47,130,20,0.1,1.5,47
,495,02:10,,1.44,1,Closed,47,130,20,0.1,1.5,47
,496,02:10,,1.43,1,Closed,47,130,20,0.1,1.5,47
,497,02:10,,1.43,1,Closed,47,130,20,0.1,1.5,47
,498,02:11,,1.42,1,Closed,47,130,20,0.1,1.5,47
,499,02:11,,1.41,1,Closed,47,130,20,0.1,1.5,48
,500,02:11,,1.40,1,Closed,48,130,20,0.1,1.5,48
,501,02:11,,1.40,1,Closed,48,130,20,0.1,1.5,48
,502,02:12,,1.43,1,Closed,48,130,20,0.1,1.5,48
,503,02:12,,1.44,1,Closed,48,130,20,0.1,1.5,47
,504,02:12,,1.43,1,Closed,47,130,20,0.1,1.5,47
,505,02:13,,1.40,1,Closed,47,130,20,0.1,1.5,48
,506,02:13,,1.41,1,Closed,48,130,20,0.1,1.5,48
,507,02:13,,1.45,1,Closed,48,130,20,0.1,1.5,48
,508,02:13,,1.45,1,Closed,48,130,20,0.1,1.5,47
,509,02:14,,1.42,1,Closed,47,130,20,0.1,1.5,47
,510,02:14,,1.42,1,Closed,47,130,20,0.1,1.5,48
,511,02:14,,1.42,1,Closed,48,130,20,0.1,1.5,48
,512,02:14,,1.42,1,Closed,48,130,20,0.1,1.5,48
,513,02:15,,1.44,1,Closed,48,130,20,0.1,1.5,48
,514,02:15,,1.44,1,Closed,48,130,20,0.1,1.5,47
,515,02:15,,1.45,1,Closed,47,130,20,0.1,1.5,47
,516,02:15,,1.45,1,Closed,47,130,20,0.1,1.5,47
,517,02:16,,1.42,1,Closed,47,130,20,0.1,1.5,47
,518,02:16,,1.42,1,Closed,47,130,20,0.1,1.5,48
,519,02:16,,1.41,1,Closed,48,130,20,0.1,1.5,48
,520,02:16,,1.41,1,Closed,48,130,20,0.1,1.5,48
,521,02:17,,1.44,1,Closed,48,130,20,0.1,1.5,48
,522,02:17,,1.44,1,Closed,48,130,20,0.1,1.5,48
,523,02:17,,1.43,1,Closed,48,130,20,0.1,1.5,48
,524,02:18,,1.43,1,Closed,48,130,20,0.1,1.5,48
,525,02:18,,1.43,1,Closed,48,130,20,0.1,1.5,48
,526,02:18,,1.43,1,Closed,48,130,20,0.1,1.5,48
,527,02:18,,1.42,1,Closed,48,130,20,0.1,1.5,48
,528,02:19,,1.42,1,Closed,48,130,20,0.1,1.5,48
,529,02:19,,1.42,1,Closed,48,130,20,0.1,1.5,48
,530,02:19,,1.44,1,Closed,48,130,20,0.1,1.5,48
,531,02:19,,1.44,1,Closed,48,130,20,0.1,1.5,48
,532,02:20,,1.43,1,Closed,48,130,20,0.1,1.5,48
,533,02:20,,1.43,1,Closed,48,130,20,0.1,1.5,48
,534,02:20,,1.42,1,Closed,48,130,20,0.1,1.5,48
,535,02:20,,1.41,1,Closed,48,130,20,0.1,1.5,48
,536,02:21,,1.43,1,Closed,48,130,20,0.1,1.5,48
,537,02:21,,1.44,1,Closed,48,130,20,0.1,1.5,48
,538,02:21,,1.44,1,Closed,48,130,20,0.1,1.5,48
,539,02:21,,1.45,1,Closed,48,130,20,0.1,1.5,48
,540,02:22,,1.43,1,Closed,48,130,20,0.1,1.5,48
,541,02:22,,1.43,1,Closed,48,130,20,0.1,1.5,48
,542,02:22,,1.42,1,Closed,48,130,20,0.1,1.5,48
,543,02:23,,1.42,1,Closed,48,130,20,0.1,1.5,48
,544,02:23,,1.44,1,Closed,48,130,20,0.1,1.5,48
,545,02:23,,1.45,1,Closed,48,130,20,0.1,1.5,48
,546,02:23,,1.43,1,Closed,48,130,20,0.1,1.5,48
,547,02:24,,1.43,1,Closed,48,130,20,0.1,1.5,48
,548,02:24,,1.44,1,Closed,48,130,20,0.1,1.5,48
,549,02:24,,1.44,1,Closed,48,130,20,0.1,1.5,48
,550,02:24,,1.44,1,Closed,48,130,20,0.1,1.5,48
,551,02:25,,1.44,1,Closed,48,130,20,0.1,1.5,48
,552,02:25,,1.44,1,Closed,48,130,20,0.1,1.5,48
,553,02:25,,1.44,1,Closed,49,130,20,0.1,1.5,48
,554,02:25,,1.44,1,Closed,48,130,20,0.1,1.5,48
,555,02:26,,1.46,1,Closed,48,130,20,0.1,1.5,48
,556,02:26,,1.46,1,Closed,48,130,20,0.1,1.5,48
,557,02:26,,1.44,1,Closed,48,130,20,0.1,1.5,48
,558,02:26,,1.44,1,Closed,48,130,20,0.1,1.5,48
,559,02:27,,1.45,1,Closed,48,130,20,0.1,1.5,48
,560,02:27,,1.45,1,Closed,48,130,20,0.1,1.5,48
,561,02:27,,1.47,1,Closed,49,130,20,0.1,1.5,48
,562,02:28,,1.45,1,Closed,48,130,20,0.1,1.5,48
,563,02:28,,1.44,1,Closed,48,130,20,0.1,1.5,48
,564,02:28,,1.44,1,Closed,48,130,20,0.1,1.5,48
,565,02:28,,1.45,1,Closed,48,130,20,0.1,1.5,48
,566,02:29,,1.45,1,Closed,49,130,20,0.1,1.5,48
,567,02:29,,1.46,1,Closed,48,130,20,0.1,1.5,48
,568,02:29,,1.46,1,Closed,48,130,20,0.1,1.5,48
,569,02:29,,1.44,1,Closed,48,130,20,0.1,1.5,48
,570,02:30,,1.44,1,Closed,48,130,20,0.1,1.5,49
,571,02:30,,1.44,1,Closed,49,130,20,0.1,1.5,48
,572,02:30,,1.44,1,Closed,48,130,20,0.1,1.5,48
,573,02:30,,1.44,1,Closed,48,130,20,0.1,1.5,49
,574,02:31,,1.42,1,Closed,49,130,20,0.1,1.5,49
,575,02:31,,1.48,1,Closed,48,130,20,0.1,1.5,49
,576,02:31,,1.45,1,Closed,49,130,20,0.1,1.5,47
,577,02:31,,1.45,1,Closed,47,130,20,0.1,1.5,48
,578,02:32,,1.44,1,Closed,48,130,20,0.1,1.5,48
,579,02:32,,1.44,1,Closed,48,130,20,0.1,1.5,49
,580,02:32,,1.49,1,Closed,49,130,20,0.1,1.5,49
,581,02:33,,1.50,1,Closed,48,130,20,0.1,1.5,47
,582,02:33,,1.42,1,Closed,47,130,20,0.1,1.5,47
,583,02:33,,1.43,1,Closed,47,130,20,0.1,1.5,49
,584,02:33,,1.44,1,Closed,49,130,20,0.1,1.5,49
,585,02:34,,1.45,1,Closed,49,130,20,0.1,1.5,48
,586,02:34,,1.48,1,Closed,48,130,20,0.1,1.5,48
,587,02:34,,1.49,1,Closed,48,130,20,0.1,1.5,47
,588,02:34,,1.51,1,Closed,47,130,20,0.1,1.5,48
,589,02:35,,1.45,1,Closed,48,130,20,0.1,1.5,47
,590,02:35,,1.42,1,Closed,47,130,20,0.1,1.5,49
,591,02:35,,1.42,1,Closed,49,130,20,0.1,1.5,49
,592,02:35,,1.48,1,Closed,49,130,20,0.1,1.5,49
,593,02:36,,1.50,1,Closed,49,130,20,0.1,1.5,47
,594,02:36,,1.45,1,Closed,47,130,20,0.1,1.5,48
,595,02:36,,1.45,1,Closed,48,130,20,0.1,1.5,49
,596,02:36,,1.44,1,Closed,49,130,20,0.1,1.5,49
,597,02:37,,1.46,1,Closed,49,130,20,0.1,1.5,49
,598,02:37,,1.46,1,Closed,49,130,20,0.1,1.5,48
,599,02:37,,1.45,1,Closed,48,130,20,0.1,1.5,48
,600,02:38,,1.45,1,Closed,48,130,20,0.1,1.5,49
,601,02:38,,1.48,1,Closed,49,130,20,0.1,1.5,49
,602,02:38,,1.48,1,Closed,49,130,20,0.1,1.5,48
,603,02:38,,1.44,1,Closed,48,130,20,0.1,1.5,48
,604,02:39,,1.44,1,Closed,48,130,20,0.1,1.5,49
,605,02:39,,1.46,1,Closed,49,130,20,0.1,1.5,49
,606,02:39,,1.46,1,Closed,49,130,20,0.1,1.5,48
,607,02:39,,1.46,1,Closed,48,130,20,0.1,1.5,48
,608,02:40,,1.46,1,Closed,48,130,20,0.1,1.5,48
,609,02:40,,1.45,1,Closed,48,130,20,0.1,1.5,48
,610,02:40,,1.45,1,Closed,48,130,20,0.1,1.5,49
,611,02:40,,1.45,1,Closed,49,130,20,0.1,1.5,49
,612,02:41,,1.45,1,Closed,49,130,20,0.1,1.5,49
,613,02:41,,1.46,1,Closed,49,130,20,0.1,1.5,49
,614,02:41,,1.46,1,Closed,49,130,20,0.1,1.5,49
,615,02:41,,1.46,1,Closed,48,130,20,0.1,1.5,49
,616,02:42,,1.46,1,Closed,48,130,20,0.1,1.5,49
,617,02:42,,1.46,1,Closed,48,130,20,0.1,1.5,49
,618,02:42,,1.46,1,Closed,49,130,20,0.1,1.5,49
,619,02:43,,1.45,1,Closed,49,130,20,0.1,1.5,49
,620,02:43,,1.46,1,Closed,49,130,20,0.1,1.5,49
,621,02:43,,1.46,1,Closed,49,130,20,0.1,1.5,48
,622,02:43,,1.49,1,Closed,48,130,20,0.1,1.5,49
,623,02:44,,1.43,1,Closed,49,130,20,0.1,1.5,48
,624,02:44,,1.48,1,Closed,48,130,20,0.1,1.5,50
,625,02:44,,1.48,1,Closed,50,130,20,0.1,1.5,48
,626,02:44,,1.46,1,Closed,48,130,20,0.1,1.5,48
,627,02:45,,1.46,1,Closed,48,130,20,0.1,1.5,49
,628,02:45,,1.43,1,Closed,49,130,20,0.1,1.5,49
,629,02:45,,1.43,1,Closed,49,130,20,0.1,1.5,50
,630,02:45,,1.46,1,Closed,50,130,20,0.1,1.5,49
,631,02:46,,1.47,1,Closed,49,130,20,0.1,1.5,49
,632,02:46,,1.45,1,Closed,49,130,20,0.1,1.5,48
,633,02:46,,1.45,1,Closed,48,130,20,0.1,1.5,49
,634,02:46,,1.42,1,Closed,49,130,20,0.1,1.5,49
,635,02:47,,1.41,1,Closed,49,130,20,0.1,1.5,50
,636,02:47,,1.47,1,Closed,50,130,20,0.1,1.5,50
,637,02:47,,1.47,1,Closed,50,130,20,0.1,1.5,48
,638,02:47,,1.51,1,Closed,48,130,20,0.1,1.5,49
,639,02:48,,1.52,1,Closed,49,130,20,0.1,1.5,48
,640,02:48,,1.48,1,Closed,48,130,20,0.1,1.5,48
,641,02:48,,1.48,1,Closed,48,130,20,0.1,1.5,49
,642,02:49,,1.41,1,Closed,49,130,20,0.1,1.5,48
,643,02:49,,1.40,1,Closed,48,130,20,0.1,1.5,50
,644,02:49,,1.44,1,Closed,50,130,20,0.1,1.5,50
,645,02:49,,1.49,1,Closed,50,130,20,0.1,1.5,49
,646,02:50,,1.49,1,Closed,49,130,20,0.1,1.5,48
,647,02:50,,1.45,1,Closed,48,130,20,0.1,1.5,48
,648,02:50,,1.45,1,Closed,48,130,20,0.1,1.5,49
,649,02:50,,1.46,1,Closed,49,130,20,0.1,1.5,49
,650,02:51,,1.46,1,Closed,49,130,20,0.1,1.5,49
,651,02:51,,1.52,1,Closed,49,130,20,0.1,1.5,49
,652,02:51,,1.47,1,Closed,49,130,20,0.1,1.5,47
,653,02:51,,1.44,1,Closed,47,130,20,0.1,1.5,49
,654,02:52,,1.44,1,Closed,49,130,20,0.1,1.5,50
,655,02:52,,1.47,1,Closed,50,130,20,0.1,1.5,49
,656,02:52,,1.47,1,Closed,49,130,20,0.1,1.5,49
,657,02:52,,1.46,1,Closed,48,130,20,0.1,1.5,49
,658,02:53,,1.46,1,Closed,49,130,20,0.1,1.5,49
,659,02:53,,1.46,1,Closed,49,130,20,0.1,1.5,49
,660,02:53,,1.46,1,Closed,49,130,20,0.1,1.5,49
,661,02:54,,1.46,1,Closed,49,130,20,0.1,1.5,49
,662,02:54,,1.46,1,Closed,49,130,20,0.1,1.5,49
,663,02:54,,1.47,1,Closed,49,130,20,0.1,1.5,49
,664,02:54,,1.47,1,Closed,48,130,20,0.1,1.5,49
,665,02:55,,1.46,1,Closed,49,130,20,0.1,1.5,49
,666,02:55,,1.46,1,Closed,49,130,20,0.1,1.5,49
,667,02:55,,1.47,1,Closed,49,130,20,0.1,1.5,49
,668,02:55,,1.47,1,Closed,49,130,20,0.1,1.5,49
,669,02:56,,1.44,1,Closed,49,130,20,0.1,1.5,49
,670,02:56,,1.46,1,Closed,49,130,20,0.1,1.5,50
,671,02:56,,1.46,1,Closed,50,130,20,0.1,1.5,49
,672,02:56,,1.47,1,Closed,49,130,20,0.1,1.5,49
,673,02:57,,1.48,1,Closed,49,130,20,0.1,1.5,49
,674,02:57,,1.43,1,Closed,49,130,20,0.1,1.5,49
,675,02:57,,1.44,1,Closed,49,130,20,0.1,1.5,50
,676,02:57,,1.50,1,Closed,50,130,20,0.1,1.5,50
,677,02:58,,1.50,1,Closed,50,130,20,0.1,1.5,48
,678,02:58,,1.46,1,Closed,48,130,20,0.1,1.5,48
,679,02:58,,1.46,1,Closed,48,130,20,0.1,1.5,49
,680,02:59,,1.48,1,Closed,49,130,20,0.1,1.5,49
,681,02:59,,1.47,1,Closed,49,130,20,0.1,1.5,49
,682,02:59,,1.48,1,Closed,49,130,20,0.1,1.5,49
,683,02:59,,1.49,1,Closed,49,130,20,0.1,1.5,49
,684,03:00,,1.48,1,Closed,49,130,20,0.1,1.5,49
,685,03:00,,1.48,1,Closed,48,130,20,0.1,1.5,49
,686,03:00,,1.46,1,Closed,49,130,20,0.1,1.5,49
,687,03:00,,1.46,1,Closed,49,130,20,0.1,1.5,49
,688,03:01,,1.47,1,Closed,49,130,20,0.1,1.5,49
,689,03:01,,1.47,1,Closed,49,130,20,0.1,1.5,49
,690,03:01,,1.49,1,Closed,49,130,20,0.1,1.5,49
,691,03:01,,1.47,1,Closed,49,130,20,0.1,1.5,49
,692,03:02,,1.46,1,Closed,49,130,20,0.1,1.5,49
,693,03:02,,1.48,1,Closed,49,130,20,0.1,1.5,49
,694,03:02,,1.48,1,Closed,49,130,20,0.1,1.5,49
,695,03:02,,1.46,1,Closed,49,130,20,0.1,1.5,49
,696,03:03,,1.46,1,Closed,49,130,20,0.1,1.5,49
,697,03:03,,1.47,1,Closed,49,130,20,0.1,1.5,49
,698,03:03,,1.49,1,Closed,49,130,20,0.1,1.5,49
,699,03:04,,1.50,1,Closed,49,130,20,0.1,1.5,48
,700,03:04,,1.50,1,Closed,48,130,20,0.1,1.5,49
,701,03:04,,1.46,1,Closed,49,130,20,0.1,1.5,49
,702,03:04,,1.45,1,Closed,48,130,20,0.1,1.5,50
,703,03:05,,1.47,1,Closed,50,130,20,0.1,1.5,50
,704,03:05,,1.47,1,Closed,50,130,20,0.1,1.5,49
,705,03:05,,1.49,1,Closed,49,130,20,0.1,1.5,49
,706,03:05,,1.49,1,Closed,49,130,20,0.1,1.5,49
,707,03:06,,1.47,1,Closed,49,130,20,0.1,1.5,49
,708,03:06,,1.46,1,Closed,49,130,20,0.1,1.5,49
,709,03:06,,1.46,1,Closed,49,130,20,0.1,1.5,49
,710,03:06,,1.46,1,Closed,49,130,20,0.1,1.5,49
,711,03:07,,1.49,1,Closed,49,130,20,0.1,1.5,49
,712,03:07,,1.49,1,Closed,49,130,20,0.1,1.5,49
,713,03:07,,1.49,1,Closed,49,130,20,0.1,1.5,49
,714,03:07,,1.48,1,Closed,49,130,20,0.1,1.5,49
,715,03:08,,1.48,1,Closed,49,130,20,0.1,1.5,49
,716,03:08,,1.47,1,Closed,49,130,20,0.1,1.5,49
,717,03:08,,1.47,1,Closed,49,130,20,0.1,1.5,49
,718,03:09,,1.50,1,Closed,49,130,20,0.1,1.5,49
,719,03:09,,1.50,1,Closed,49,130,20,0.1,1.5,48
,720,03:09,,1.42,1,Closed,48,130,20,0.1,1.5,49
,721,03:09,,1.42,1,Closed,49,130,20,0.1,1.5,51
,722,03:10,,1.49,1,Closed,51,130,20,0.1,1.5,50
,723,03:10,,1.49,1,Closed,50,130,20,0.1,1.5,48
,724,03:10,,1.47,1,Closed,48,130,20,0.1,1.5,49
,725,03:10,,1.47,1,Closed,49,130,20,0.1,1.5,49
,726,03:11,,1.48,1,Closed,49,130,20,0.1,1.5,49
,727,03:11,,1.48,1,Closed,49,130,20,0.1,1.5,49
,728,03:11,,1.47,1,Closed,49,130,20,0.1,1.5,49
,729,03:11,,1.47,1,Closed,49,130,20,0.1,1.5,49
,730,03:12,,1.47,1,Closed,49,130,20,0.1,1.5,49
,731,03:12,,1.48,1,Closed,49,130,20,0.1,1.5,49
,732,03:12,,1.48,1,Closed,49,130,20,0.1,1.5,49
,733,03:12,,1.52,1,Closed,49,130,20,0.1,1.5,49
,734,03:13,,1.49,1,Closed,49,130,20,0.1,1.5,48
,735,03:13,,1.49,1,Closed,48,130,20,0.1,1.5,49
,736,03:13,,1.43,1,Closed,49,130,20,0.1,1.5,49
,737,03:13,,1.49,1,Closed,49,130,20,0.1,1.5,50
,738,03:14,,1.48,1,Closed,50,130,20,0.1,1.5,49
,739,03:14,,1.49,1,Closed,49,130,20,0.1,1.5,49
,740,03:14,,1.46,1,Closed,49,130,20,0.1,1.5,49
,741,03:15,,1.47,1,Closed,49,130,20,0.1,1.5,50
,742,03:15,,1.47,1,Closed,50,130,20,0.1,1.5,49
,743,03:15,,1.47,1,Closed,49,130,20,0.1,1.5,49
,744,03:15,,1.48,1,Closed,49,130,20,0.1,1.5,49
,745,03:16,,1.49,1,Closed,49,130,20,0.1,1.5,49
,746,03:16,,1.49,1,Closed,49,130,20,0.1,1.5,49
,747,03:16,,1.48,1,Closed,49,130,20,0.1,1.5,49
,748,03:16,,1.48,1,Closed,49,130,20,0.1,1.5,49
,749,03:17,,1.46,1,Closed,49,130,20,0.1,1.5,49
,750,03:17,,1.46,1,Closed,49,130,20,0.1,1.5,50
,751,03:17,,1.47,1,Closed,50,130,20,0.1,1.5,50
,752,03:17,,1.47,1,Closed,50,130,20,0.1,1.5,49
,753,03:18,,1.54,1,Closed,49,130,20,0.1,1.5,49
,754,03:18,,1.48,1,Closed,49,130,20,0.1,1.5,48
,755,03:18,,1.49,1,Closed,48,130,20,0.1,1.5,50
,756,03:18,,1.49,1,Closed,50,130,20,0.1,1.5,49
,757,03:19,,1.51,1,Closed,49,130,20,0.1,1.5,49
,758,03:19,,1.50,1,Closed,49,130,20,0.1,1.5,49
,759,03:19,,1.47,1,Closed,49,130,20,0.1,1.5,49
,760,03:20,,1.47,1,Closed,49,130,20,0.1,1.5,50
,761,03:20,,1.47,1,Closed,51,130,20,0.1,1.5,50
,762,03:20,,1.46,1,Closed,49,130,20,0.1,1.5,50
,763,03:20,,1.50,1,Closed,49,130,20,0.1,1.5,50
,764,03:21,,1.49,1,Closed,50,130,20,0.1,1.5,49
,765,03:21,,1.49,1,Closed,49,130,20,0.1,1.5,49
,766,03:21,,1.53,1,Closed,49,130,20,0.1,1.5,49
,767,03:21,,1.47,1,Closed,49,130,20,0.1,1.5,48
,768,03:22,,1.43,1,Closed,48,130,20,0.1,1.5,50
,769,03:22,,1.46,1,Closed,50,130,20,0.1,1.5,50
,770,03:22,,1.56,1,Closed,50,130,20,0.1,1.5,50
,771,03:22,,1.49,1,Closed,50,130,20,0.1,1.5,47
,772,03:23,,1.50,1,Closed,47,130,20,0.1,1.5,50
,773,03:23,,1.49,1,Closed,51,130,20,0.1,1.5,49
,774,03:23,,1.51,1,Closed,49,130,20,0.1,1.5,49
,775,03:23,,1.52,1,Closed,49,130,20,0.1,1.5,48
,776,03:24,,1.48,1,Closed,48,130,20,0.1,1.5,49
,777,03:24,,1.48,1,Closed,49,130,20,0.1,1.5,50
,778,03:24,,1.48,1,Closed,50,130,20,0.1,1.5,49
,779,03:25,,1.48,1,Closed,49,130,20,0.1,1.5,49
,780,03:25,,1.46,1,Closed,49,130,20,0.1,1.5,49
,781,03:25,,1.51,1,Closed,49,130,20,0.1,1.5,50
,782,03:25,,1.50,1,Closed,50,130,20,0.1,1.5,48
,783,03:26,,1.49,1,Closed,48,130,20,0.1,1.5,49
,784,03:26,,1.41,1,Closed,49,130,20,0.1,1.5,49
,785,03:26,,1.41,1,Closed,49,130,20,0.1,1.5,51
,786,03:26,,1.46,1,Closed,51,130,20,0.1,1.5,51
,787,03:27,,1.54,1,Closed,51,130,20,0.1,1.5,49
,788,03:27,,1.54,1,Closed,49,130,20,0.1,1.5,47
,789,03:27,,1.43,1,Closed,47,130,20,0.1,1.5,48
,790,03:27,,1.42,1,Closed,48,130,20,0.1,1.5,51
,791,03:28,,1.52,1,Closed,51,130,20,0.1,1.5,50
,792,03:28,,1.52,1,Closed,50,130,20,0.1,1.5,48
,793,03:28,,1.49,1,Closed,48,130,20,0.1,1.5,49
,794,03:28,,1.48,1,Closed,49,130,20,0.1,1.5,49
,795,03:29,,1.53,1,Closed,49,130,20,0.1,1.5,49
,796,03:29,,1.48,1,Closed,49,130,20,0.1,1.5,48
,797,03:29,,1.48,1,Closed,48,130,20,0.1,1.5,50
,798,03:29,,1.46,1,Closed,50,130,20,0.1,1.5,49
,799,03:30,,1.50,1,Closed,49,130,20,0.1,1.5,50
,800,03:30,,1.50,1,Closed,50,130,20,0.1,1.5,49
,801,03:30,,1.49,1,Closed,49,130,20,0.1,1.5,49
,802,03:31,,1.49,1,Closed,49,130,20,0.1,1.5,49
,803,03:31,,1.45,1,Closed,49,130,20,0.1,1.5,49
,804,03:31,,1.46,1,Closed,49,130,20,0.1,1.5,50
,805,03:31,,1.50,1,Closed,50,130,20,0.1,1.5,50
,806,03:32,,1.49,1,Closed,50,130,20,0.1,1.5,49
,807,03:32,,1.49,1,Closed,48,130,20,0.1,1.5,49
,808,03:32,,1.49,1,Closed,49,130,20,0.1,1.5,49
,809,03:32,,1.48,1,Closed,49,130,20,0.1,1.5,49
,810,03:33,,1.48,1,Closed,49,130,20,0.1,1.5,50
,811,03:33,,1.48,1,Closed,50,130,20,0.1,1.5,50
,812,03:33,,1.50,1,Closed,50,130,20,0.1,1.5,49
,813,03:33,,1.51,1,Closed,49,130,20,0.1,1.5,49
,814,03:34,,1.46,1,Closed,49,130,20,0.1,1.5,49
,815,03:34,,1.46,1,Closed,49,130,20,0.1,1.5,50
,816,03:34,,1.49,1,Closed,50,130,20,0.1,1.5,50
,817,03:34,,1.49,1,Closed,50,130,20,0.1,1.5,49
,818,03:35,,1.51,1,Closed,49,130,20,0.1,1.5,49
,819,03:35,,1.51,1,Closed,49,130,20,0.1,1.5,49
,820,03:35,,1.46,1,Closed,49,130,20,0.1,1.5,49
,821,03:35,,1.46,1,Closed,49,130,20,0.1,1.5,50
,822,03:36,,1.47,1,Closed,50,130,20,0.1,1.5,50
,823,03:36,,1.46,1,Closed,50,130,20,0.1,1.5,50
,824,03:36,,1.52,1,Closed,50,130,20,0.1,1.5,50
,825,03:37,,1.52,1,Closed,50,130,20,0.1,1.5,48
,826,03:37,,1.48,1,Closed,48,130,20,0.1,1.5,49
,827,03:37,,1.51,1,Closed,49,130,20,0.1,1.5,50
,828,03:37,,1.45,1,Closed,50,130,20,0.1,1.5,49
,829,03:38,,1.43,1,Closed,49,130,20,0.1,1.5,50
,830,03:38,,1.47,1,Closed,50,130,20,0.1,1.5,51
,831,03:38,,1.47,1,Closed,51,130,20,0.1,1.5,49
,832,03:38,,1.55,1,Closed,49,130,20,0.1,1.5,50
,833,03:39,,1.56,1,Closed,50,130,20,0.1,1.5,47
,834,03:39,,1.52,1,Closed,47,130,20,0.1,1.5,48
,835,03:39,,1.55,1,Closed,48,130,20,0.1,1.5,49
,836,03:39,,1.41,1,Closed,49,130,20,0.1,1.5,48
,837,03:40,,1.43,1,Closed,48,130,20,0.1,1.5,52
,838,03:40,,1.42,1,Closed,52,130,20,0.1,1.5,50
,839,03:40,,1.56,1,Closed,50,130,20,0.1,1.5,51
,840,03:41,,1.56,1,Closed,51,130,20,0.1,1.5,47
,841,03:41,,1.54,1,Closed,47,130,20,0.1,1.5,48
,842,03:41,,1.54,1,Closed,48,130,20,0.1,1.5,49
,843,03:41,,1.45,1,Closed,49,130,20,0.1,1.5,48
,844,03:42,,1.45,1,Closed,48,130,20,0.1,1.5,51
,845,03:42,,1.45,1,Closed,51,130,20,0.1,1.5,50
,846,03:42,,1.42,1,Closed,50,130,20,0.1,1.5,50
,847,03:42,,1.49,1,Closed,50,130,20,0.1,1.5,51
,848,03:43,,1.49,1,Closed,51,130,20,0.1,1.5,49
,849,03:43,,1.54,1,Closed,49,130,20,0.1,1.5,49
,850,03:43,,1.54,1,Closed,49,130,20,0.1,1.5,48
,851,03:43,,1.49,1,Closed,48,130,20,0.1,1.5,49
,852,03:44,,1.49,1,Closed,49,130,20,0.1,1.5,50
,853,03:44,,1.48,1,Closed,50,130,20,0.1,1.5,49
,854,03:44,,1.48,1,Closed,49,130,20,0.1,1.5,50
,855,03:45,,1.47,1,Closed,50,130,20,0.1,1.5,50
,856,03:45,,1.50,1,Closed,50,130,20,0.1,1.5,50
,857,03:45,,1.50,1,Closed,50,130,20,0.1,1.5,49
,858,03:45,,1.50,1,Closed,49,130,20,0.1,1.5,49
,859,03:45,,1.46,1,Closed,49,130,20,0.1,1.5,49
,860,03:46,,1.47,1,Closed,49,130,20,0.1,1.5,50
,861,03:46,,1.47,0,Open,50,130,20,0.1,1.5,50
,862,03:46,,1.36,0,Open,50,130,20,0.1,1.5,50
,863,03:47,,1.35,0,Open,50,130,20,0.1,1.5,53
,864,03:47,,1.33,0,Open,53,130,20,0.1,1.5,52
,865,03:47,,1.33,0,Open,52,130,20,0.1,1.5,53
,866,03:47,,1.48,0,Open,53,130,20,0.1,1.5,53
,867,03:48,,1.42,0,Open,53,130,20,0.1,1.5,49
,868,03:48,,1.45,0,Open,49,130,20,0.1,1.5,51
,869,03:48,,1.44,0,Open,51,130,20,0.1,1.5,50
,870,03:48,,1.39,0,Open,50,130,20,0.1,1.5,51
,871,03:49,,1.38,0,Open,51,130,20,0.1,1.5,52
,872,03:49,,1.37,0,Open,52,130,20,0.1,1.5,52
,873,03:49,,1.38,0,Open,52,130,20,0.1,1.5,52
,874,03:49,,1.41,0,Open,52,130,20,0.1,1.5,52
,875,03:50,,1.41,0,Open,52,130,20,0.1,1.5,51
,876,03:50,,1.42,0,Open,51,130,20,0.1,1.5,51
,877,03:50,,1.42,0,Open,51,130,20,0.1,1.5,51
,878,03:50,,1.39,0,Open,51,130,20,0.1,1.5,51
,879,03:51,,1.39,0,Open,51,130,20,0.1,1.5,52
,880,03:51,,1.39,0,Open,52,130,20,0.1,1.5,52
,881,03:51,,1.40,0,Open,52,130,20,0.1,1.5,52
,882,03:52,,1.41,0,Open,52,130,20,0.1,1.5,52
,883,03:52,,1.40,0,Open,52,130,20,0.1,1.5,51
,884,03:52,,1.40,0,Open,51,130,20,0.1,1.5,52
,885,03:52,,1.42,0,Open,52,130,20,0.1,1.5,52
,886,03:53,,1.42,0,Open,52,130,20,0.1,1.5,51
,887,03:53,,1.38,0,Open,50,130,20,0.1,1.5,51
,888,03:53,,1.38,0,Open,51,130,20,0.1,1.5,53
,889,03:53,,1.42,0,Open,53,130,20,0.1,1.5,52
,890,03:54,,1.42,0,Open,52,130,20,0.1,1.5,51
,891,03:54,,1.39,0,Open,51,130,20,0.1,1.5,52
,892,03:54,,1.39,0,Open,52,130,20,0.1,1.5,52
,893,03:54,,1.41,0,Open,52,130,20,0.1,1.5,52
,894,03:55,,1.41,0,Open,52,130,20,0.1,1.5,52
,895,03:55,,1.40,0,Open,52,130,20,0.1,1.5,52
,896,03:55,,1.40,0,Open,52,130,20,0.1,1.5,52
,897,03:55,,1.40,0,Open,52,130,20,0.1,1.5,52
,898,03:56,,1.40,0,Open,52,130,20,0.1,1.5,52
,899,03:56,,1.43,0,Open,52,130,20,0.1,1.5,52
,900,03:56,,1.43,0,Open,52,130,20,0.1,1.5,51
,901,03:57,,1.41,0,Open,51,130,20,0.1,1.5,52
,902,03:57,,1.41,0,Open,52,130,20,0.1,1.5,52
,903,03:57,,1.41,0,Open,52,130,20,0.1,1.5,52
,904,03:57,,1.41,0,Open,52,130,20,0.1,1.5,52
,905,03:58,,1.42,0,Open,53,130,20,0.1,1.5,52
,906,03:58,,1.42,0,Open,52,130,20,0.1,1.5,52
,907,03:58,,1.39,0,Open,52,130,20,0.1,1.5,52
,908,03:58,,1.36,0,Open,52,130,20,0.1,1.5,53
,909,03:59,,1.36,0,Open,53,130,20,0.1,1.5,53
,910,03:59,,1.42,0,Open,54,130,20,0.1,1.5,53
,911,03:59,,1.42,0,Open,53,130,20,0.1,1.5,52
,912,03:59,,1.42,0,Open,52,130,20,0.1,1.5,52
,913,04:00,,1.42,0,Open,52,130,20,0.1,1.5,52
,914,04:00,,1.40,0,Open,51,130,20,0.1,1.5,52
,915,04:00,,1.41,0,Open,52,130,20,0.1,1.5,53
,916,04:00,,1.41,0,Open,53,130,20,0.1,1.5,52
,917,04:01,,1.41,0,Open,52,130,20,0.1,1.5,52
,918,04:01,,1.42,0,Open,52,130,20,0.1,1.5,52
,919,04:01,,1.48,0,Open,52,130,20,0.1,1.5,52
,920,04:02,,1.42,0,Open,52,130,20,0.1,1.5,51
,921,04:02,,1.41,0,Open,51,130,20,0.1,1.5,53
,922,04:02,,1.39,0,Open,53,130,20,0.1,1.5,52
,923,04:02,,1.38,0,Open,52,130,20,0.1,1.5,53
,924,04:03,,1.41,0,Open,53,130,20,0.1,1.5,53
,925,04:03,,1.41,0,Open,53,130,20,0.1,1.5,52
,926,04:03,,1.46,0,Open,52,130,20,0.1,1.5,52
,927,04:03,,1.46,0,Open,52,130,20,0.1,1.5,51
,928,04:04,,1.43,0,Open,51,130,20,0.1,1.5,51
,929,04:04,,1.43,0,Open,51,130,20,0.1,1.5,52
,930,04:04,,1.40,0,Open,52,130,20,0.1,1.5,52
,931,04:04,,1.40,0,Open,52,130,20,0.1,1.5,53
,932,04:05,,1.43,0,Open,53,130,20,0.1,1.5,53
,933,04:05,,1.43,0,Open,53,130,20,0.1,1.5,52
,934,04:05,,1.43,0,Open,52,130,20,0.1,1.5,52
,935,04:05,,1.43,0,Open,52,130,20,0.1,1.5,52
,936,04:06,,1.43,0,Open,52,130,20,0.1,1.5,52
,937,04:06,,1.43,0,Open,52,130,20,0.1,1.5,52
,938,04:06,,1.43,0,Open,52,130,20,0.1,1.5,52
,939,04:06,,1.41,0,Open,52,130,20,0.1,1.5,52
,940,04:07,,1.40,0,Open,52,130,20,0.1,1.5,53
,941,04:07,,1.43,0,Open,53,130,20,0.1,1.5,53
,942,04:07,,1.44,0,Open,53,130,20,0.1,1.5,52
,943,04:08,,1.46,0,Open,52,130,20,0.1,1.5,52
,944,04:08,,1.46,0,Open,52,130,20,0.1,1.5,52
,945,04:08,,1.41,0,Open,52,130,20,0.1,1.5,52
,946,04:08,,1.41,0,Open,52,130,20,0.1,1.5,53
,947,04:09,,1.42,0,Open,53,130,20,0.1,1.5,53
,948,04:09,,1.42,0,Open,53,130,20,0.1,1.5,53
,949,04:09,,1.43,0,Open,53,130,20,0.1,1.5,53
,950,04:09,,1.43,0,Open,53,130,20,0.1,1.5,52
,951,04:10,,1.47,0,Open,52,130,20,0.1,1.5,52
,952,04:10,,1.43,0,Open,52,130,20,0.1,1.5,51
,953,04:10,,1.43,0,Open,51,130,20,0.1,1.5,53
,954,04:10,,1.46,0,Open,53,130,20,0.1,1.5,53
,955,04:11,,1.46,0,Open,53,130,20,0.1,1.5,52
,956,04:11,,1.41,0,Open,52,130,20,0.1,1.5,52
,957,04:11,,1.42,0,Open,52,130,20,0.1,1.5,53
,958,04:11,,1.44,0,Open,53,130,20,0.1,1.5,53
,959,04:12,,1.44,0,Open,53,130,20,0.1,1.5,52
,960,04:12,,1.43,0,Open,52,130,20,0.1,1.5,52
,961,04:12,,1.43,0,Open,52,130,20,0.1,1.5,53
,962,04:13,,1.43,0,Open,53,130,20,0.1,1.5,53
,963,04:13,,1.42,0,Open,53,130,20,0.1,1.5,53
,964,04:13,,1.46,0,Open,53,130,20,0.1,1.5,53
,965,04:13,,1.46,0,Open,53,130,20,0.1,1.5,52
,966,04:14,,1.44,0,Open,52,130,20,0.1,1.5,52
,967,04:14,,1.45,0,Open,52,130,20,0.1,1.5,53
,968,04:14,,1.42,0,Open,53,130,20,0.1,1.5,52
,969,04:14,,1.42,0,Open,52,130,20,0.1,1.5,53
,970,04:15,,1.42,0,Open,53,130,20,0.1,1.5,53
,971,04:15,,1.42,0,Open,53,130,20,0.1,1.5,53
,972,04:15,,1.46,0,Open,53,130,20,0.1,1.5,53
,973,04:15,,1.45,0,Open,53,130,20,0.1,1.5,52
,974,04:16,,1.45,0,Open,52,130,20,0.1,1.5,52
,975,04:16,,1.44,0,Open,53,130,20,0.1,1.5,53
,976,04:16,,1.45,0,Open,53,130,20,0.1,1.5,53
,977,04:16,,1.45,0,Open,53,130,20,0.1,1.5,52
,978,04:17,,1.44,0,Open,52,130,20,0.1,1.5,53
,979,04:17,,1.46,0,Open,53,130,20,0.1,1.5,53
,980,04:17,,1.46,0,Open,53,130,20,0.1,1.5,52
,981,04:18,,1.43,0,Open,52,130,20,0.1,1.5,52
,982,04:18,,1.43,0,Open,52,130,20,0.1,1.5,53
,983,04:18,,1.44,0,Open,53,130,20,0.1,1.5,53
,984,04:18,,1.44,0,Open,53,130,20,0.1,1.5,53
,985,04:19,,1.45,0,Open,53,130,20,0.1,1.5,53
,986,04:19,,1.46,0,Open,53,130,20,0.1,1.5,53
,987,04:19,,1.42,0,Open,52,130,20,0.1,1.5,53
,988,04:19,,1.42,0,Open,53,130,20,0.1,1.5,53
,989,04:20,,1.43,0,Open,53,130,20,0.1,1.5,53
,990,04:20,,1.42,0,Open,53,130,20,0.1,1.5,53
,991,04:20,,1.48,0,Open,53,130,20,0.1,1.5,53
,992,04:20,,1.48,0,Open,53,130,20,0.1,1.5,52
,993,04:21,,1.48,0,Open,52,130,20,0.1,1.5,52
,994,04:21,,1.48,0,Open,52,130,20,0.1,1.5,52
,995,04:21,,1.42,0,Open,52,130,20,0.1,1.5,52
,996,04:21,,1.42,0,Open,52,130,20,0.1,1.5,54
,997,04:22,,1.42,0,Open,54,130,20,0.1,1.5,53
,998,04:22,,1.42,0,Open,53,130,20,0.1,1.5,54
,999,04:22,,1.44,0,Open,54,130,20,0.1,1.5,54
,1000,04:22,,1.44,0,Open,54,130,20,0.1,1.5,53
,1001,04:23,,1.46,0,Open,53,130,20,0.1,1.5,53
,1002,04:23,,1.46,0,Open,54,130,20,0.1,1.5,53
,1003,04:23,,1.47,0,Open,52,130,20,0.1,1.5,53
,1004,04:24,,1.44,0,Open,53,130,20,0.1,1.5,53
,1005,04:24,,1.44,0,Open,53,130,20,0.1,1.5,53
,1006,04:24,,1.46,0,Open,54,130,20,0.1,1.5,53
,1007,04:24,,1.45,0,Open,53,130,20,0.1,1.5,53
,1008,04:25,,1.44,0,Open,53,130,20,0.1,1.5,53
,1009,04:25,,1.44,0,Open,53,130,20,0.1,1.5,53
,1010,04:25,,1.45,0,Open,53,130,20,0.1,1.5,53
,1011,04:25,,1.45,0,Open,53,130,20,0.1,1.5,53
,1012,04:26,,1.47,0,Open,53,130,20,0.1,1.5,53
,1013,04:26,,1.47,0,Open,53,130,20,0.1,1.5,53
,1014,04:26,,1.48,0,Open,52,130,20,0.1,1.5,53
,1015,04:26,,1.47,0,Open,53,130,20,0.1,1.5,53
,1016,04:27,,1.45,0,Open,53,130,20,0.1,1.5,53
,1017,04:27,,1.46,0,Open,53,130,20,0.1,1.5,53
,1018,04:27,,1.45,0,Open,53,130,20,0.1,1.5,53
,1019,04:27,,1.43,0,Open,53,130,20,0.1,1.5,53
,1020,04:28,,1.43,0,Open,53,130,20,0.1,1.5,54
,1021,04:28,,1.43,0,Open,54,130,20,0.1,1.5,54
,1022,04:28,,1.49,0,Open,54,130,20,0.1,1.5,54
,1023,04:29,,1.50,0,Open,54,130,20,0.1,1.5,52
,1024,04:29,,1.49,0,Open,52,130,20,0.1,1.5,52
,1025,04:29,,1.49,0,Open,52,130,20,0.1,1.5,53
,1026,04:29,,1.43,0,Open,53,130,20,0.1,1.5,53
,1027,04:30,,1.43,0,Open,52,130,20,0.1,1.5,54
,1028,04:30,,1.43,0,Open,54,130,20,0.1,1.5,54
,1029,04:30,,1.45,0,Open,54,130,20,0.1,1.5,54
,1030,04:30,,1.45,0,Open,53,130,20,0.1,1.5,53
,1031,04:31,,1.46,0,Open,53,130,20,0.1,1.5,53
,1032,04:31,,1.46,0,Open,53,130,20,0.1,1.5,53
,1033,04:31,,1.48,0,Open,53,130,20,0.1,1.5,53
,1034,04:31,,1.48,0,Open,53,130,20,0.1,1.5,52
,1035,04:32,,1.42,0,Open,52,130,20,0.1,1.5,53
,1036,04:32,,1.43,0,Open,53,130,20,0.1,1.5,54
,1037,04:32,,1.44,0,Open,54,130,20,0.1,1.5,54
,1038,04:32,,1.44,0,Open,54,130,20,0.1,1.5,53
,1039,04:33,,1.49,0,Open,53,130,20,0.1,1.5,53
,1040,04:33,,1.49,0,Open,53,130,20,0.1,1.5,52
,1041,04:33,,1.46,0,Open,52,130,20,0.1,1.5,53
,1042,04:34,,1.46,0,Open,53,130,20,0.1,1.5,54
,1043,04:34,,1.47,0,Open,54,130,20,0.1,1.5,53
,1044,04:34,,1.47,0,Open,53,130,20,0.1,1.5,53
,1045,04:34,,1.47,0,Open,54,130,20,0.1,1.5,53
,1046,04:35,,1.47,0,Open,53,130,20,0.1,1.5,53
,1047,04:35,,1.46,0,Open,53,130,20,0.1,1.5,53
,1048,04:35,,1.46,0,Open,53,130,20,0.1,1.5,53
,1049,04:35,,1.45,0,Open,53,130,20,0.1,1.5,53
,1050,04:36,,1.45,0,Open,53,130,20,0.1,1.5,53
,1051,04:36,,1.46,0,Open,53,130,20,0.1,1.5,54
,1052,04:36,,1.50,0,Open,54,130,20,0.1,1.5,53
,1053,04:36,,1.50,0,Open,53,130,20,0.1,1.5,52
,1054,04:37,,1.44,0,Open,52,130,20,0.1,1.5,53
,1055,04:37,,1.43,0,Open,53,130,20,0.1,1.5,54
,1056,04:37,,1.47,0,Open,54,130,20,0.1,1.5,54
,1057,04:37,,1.50,0,Open,54,130,20,0.1,1.5,53
,1058,04:38,,1.49,0,Open,53,130,20,0.1,1.5,52
,1059,04:38,,1.49,0,Open,52,130,20,0.1,1.5,53
,1060,04:38,,1.41,0,Open,53,130,20,0.1,1.5,53
,1061,04:39,,1.41,0,Open,53,130,20,0.1,1.5,55
,1062,04:39,,1.43,0,Open,55,130,20,0.1,1.5,54
,1063,04:39,,1.43,0,Open,54,130,20,0.1,1.5,54
,1064,04:39,,1.48,0,Open,54,130,20,0.1,1.5,54
,1065,04:40,,1.48,0,Open,54,130,20,0.1,1.5,53
,1066,04:40,,1.48,0,Open,53,130,20,0.1,1.5,53
,1067,04:40,,1.48,0,Open,53,130,20,0.1,1.5,53
,1068,04:40,,1.46,0,Open,53,130,20,0.1,1.5,53
,1069,04:41,,1.45,0,Open,53,130,20,0.1,1.5,54
,1070,04:41,,1.48,0,Open,54,130,20,0.1,1.5,54
,1071,04:41,,1.48,0,Open,54,130,20,0.1,1.5,53
,1072,04:41,,1.48,0,Open,53,130,20,0.1,1.5,53
,1073,04:42,,1.47,0,Open,53,130,20,0.1,1.5,53
,1074,04:42,,1.47,0,Open,53,130,20,0.1,1.5,53
,1075,04:42,,1.44,0,Open,53,130,20,0.1,1.5,53
,1076,04:42,,1.46,0,Open,53,130,20,0.1,1.5,54
,1077,04:43,,1.47,0,Open,54,130,20,0.1,1.5,53
,1078,04:43,,1.47,0,Open,53,130,20,0.1,1.5,53
,1079,04:43,,1.45,0,Open,53,130,20,0.1,1.5,53
,1080,04:43,,1.46,0,Open,53,130,20,0.1,1.5,54
,1081,04:44,,1.49,0,Open,54,130,20,0.1,1.5,54
,1082,04:44,,1.49,0,Open,54,130,20,0.1,1.5,53
,1083,04:44,,1.48,0,Open,53,130,20,0.1,1.5,53
,1084,04:45,,1.47,0,Open,53,130,20,0.1,1.5,53
,1085,04:45,,1.45,0,Open,53,130,20,0.1,1.5,53
,1086,04:45,,1.45,0,Open,53,130,20,0.1,1.5,54
,1087,04:45,,1.46,0,Open,54,130,20,0.1,1.5,54
,1088,04:46,,1.46,0,Open,54,130,20,0.1,1.5,54
,1089,04:46,,1.46,0,Open,54,130,20,0.1,1.5,54
,1090,04:46,,1.46,0,Open,53,130,20,0.1,1.5,54
,1091,04:46,,1.46,0,Open,54,130,20,0.1,1.5,54
,1092,04:47,,1.46,0,Open,54,130,20,0.1,1.5,54
,1093,04:47,,1.49,0,Open,53,130,20,0.1,1.5,54
,1094,04:47,,1.49,0,Open,54,130,20,0.1,1.5,53
,1095,04:47,,1.47,0,Open,53,130,20,0.1,1.5,53
,1096,04:48,,1.47,0,Open,53,130,20,0.1,1.5,54
,1097,04:48,,1.45,0,Open,54,130,20,0.1,1.5,53
,1098,04:48,,1.45,0,Open,53,130,20,0.1,1.5,54
,1099,04:48,,1.47,0,Open,54,130,20,0.1,1.5,54
,1100,04:49,,1.46,0,Open,54,130,20,0.1,1.5,53
,1101,04:49,,1.46,0,Open,53,130,20,0.1,1.5,54
,1102,04:49,,1.49,0,Open,54,130,20,0.1,1.5,54
,1103,04:50,,1.49,0,Open,54,130,20,0.1,1.5,53
,1104,04:50,,1.48,0,Open,53,130,20,0.1,1.5,53
,1105,04:50,,1.48,0,Open,53,130,20,0.1,1.5,53
,1106,04:50,,1.45,0,Open,53,130,20,0.1,1.5,53
,1107,04:51,,1.46,0,Open,53,130,20,0.1,1.5,54
,1108,04:51,,1.47,0,Open,54,130,20,0.1,1.5,54
,1109,04:51,,1.46,0,Open,53,130,20,0.1,1.5,54
,1110,04:51,,1.47,0,Open,54,130,20,0.1,1.5,54
,1111,04:52,,1.48,0,Open,54,130,20,0.1,1.5,53
,1112,04:52,,1.47,0,Open,53,130,20,0.1,1.5,53
,1113,04:52,,1.48,0,Open,53,130,20,0.1,1.5,54
,1114,04:52,,1.46,0,Open,54,130,20,0.1,1.5,53
,1115,04:53,,1.47,0,Open,53,130,20,0.1,1.5,54
,1116,04:53,,1.45,0,Open,54,130,20,0.1,1.5,54
,1117,04:53,,1.45,0,Open,53,130,20,0.1,1.5,54
,1118,04:53,,1.50,0,Open,54,130,20,0.1,1.5,54
,1119,04:54,,1.55,0,Open,54,130,20,0.1,1.5,53
,1120,04:54,,1.48,0,Open,53,130,20,0.1,1.5,52
,1121,04:54,,1.42,0,Open,52,130,20,0.1,1.5,54
,1122,04:55,,1.42,0,Open,54,130,20,0.1,1.5,55
,1123,04:55,,1.51,0,Open,55,130,20,0.1,1.5,55
,1124,04:55,,1.51,0,Open,55,130,20,0.1,1.5,52
,1125,04:55,,1.47,0,Open,52,130,20,0.1,1.5,53
,1126,04:56,,1.47,0,Open,53,130,20,0.1,1.5,54
,1127,04:56,,1.48,0,Open,54,130,20,0.1,1.5,54
,1128,04:56,,1.49,0,Open,54,130,20,0.1,1.5,53
,1129,04:56,,1.47,0,Open,53,130,20,0.1,1.5,53
,1130,04:57,,1.46,0,Open,53,130,20,0.1,1.5,54
,1131,04:57,,1.46,0,Open,54,130,20,0.1,1.5,54
,1132,04:57,,1.46,0,Open,54,130,20,0.1,1.5,54
,1133,04:57,,1.51,0,Open,54,130,20,0.1,1.5,54
,1134,04:58,,1.51,0,Open,54,130,20,0.1,1.5,53
,1135,04:58,,1.54,0,Open,53,130,20,0.1,1.5,53
,1136,04:58,,1.49,0,Open,53,130,20,0.1,1.5,52
,1137,04:58,,1.47,0,Open,52,130,20,0.1,1.5,54
,1138,04:59,,1.46,0,Open,54,130,20,0.1,1.5,54
,1139,04:59,,1.49,0,Open,54,130,20,0.1,1.5,54
,1140,04:59,,1.49,0,Open,54,130,20,0.1,1.5,53
,1141,05:00,,1.49,0,Open,53,130,20,0.1,1.5,53
,1142,05:00,,1.48,0,Open,53,130,20,0.1,1.5,53
,1143,05:00,,1.46,0,Open,53,130,20,0.1,1.5,54
,1144,05:00,,1.46,0,Open,54,130,20,0.1,1.5,54
,1145,05:01,,1.47,0,Open,54,130,20,0.1,1.5,54
,1146,05:01,,1.51,0,Open,54,130,20,0.1,1.5,54
,1147,05:01,,1.52,0,Open,54,130,20,0.1,1.5,53
,1148,05:01,,1.45,0,Open,53,130,20,0.1,1.5,53
,1149,05:02,,1.45,0,Open,53,130,20,0.1,1.5,55
,1150,05:02,,1.50,0,Open,55,130,20,0.1,1.5,54
,1151,05:02,,1.50,0,Open,54,130,20,0.1,1.5,53
,1152,05:02,,1.49,0,Open,53,130,20,0.1,1.5,53
,1153,05:03,,1.50,0,Open,53,130,20,0.1,1.5,53
,1154,05:03,,1.51,0,Open,53,130,20,0.1,1.5,53
,1155,05:03,,1.45,0,Open,53,130,20,0.1,1.5,53
,1156,05:03,,1.46,0,Open,53,130,20,0.1,1.5,55
,1157,05:04,,1.48,0,Open,55,130,20,0.1,1.5,54
,1158,05:04,,1.53,0,Open,54,130,20,0.1,1.5,54
,1159,05:04,,1.53,0,Open,54,130,20,0.1,1.5,52
,1160,05:05,,1.48,0,Open,52,130,20,0.1,1.5,53
,1161,05:05,,1.48,0,Open,53,130,20,0.1,1.5,54
,1162,05:05,,1.45,0,Open,54,130,20,0.1,1.5,54
,1163,05:05,,1.45,0,Open,54,130,20,0.1,1.5,55
,1164,05:06,,1.47,0,Open,55,130,20,0.1,1.5,54
,1165,05:06,,1.49,0,Open,54,130,20,0.1,1.5,54
,1166,05:06,,1.49,0,Open,54,130,20,0.1,1.5,53
,1167,05:06,,1.44,0,Open,53,130,20,0.1,1.5,54
,1168,05:07,,1.42,0,Open,54,130,20,0.1,1.5,55
,1169,05:07,,1.51,0,Open,55,130,20,0.1,1.5,55
,1170,05:07,,1.51,0,Open,55,130,20,0.1,1.5,52
,1171,05:07,,1.44,0,Open,52,130,20,0.1,1.5,53
,1172,05:08,,1.44,0,Open,53,130,20,0.1,1.5,55
,1173,05:08,,1.47,0,Open,55,130,20,0.1,1.5,54
,1174,05:08,,1.47,0,Open,54,130,20,0.1,1.5,54
,1175,05:08,,1.47,0,Open,54,130,20,0.1,1.5,54
,1176,05:09,,1.48,0,Open,54,130,20,0.1,1.5,54
,1177,05:09,,1.49,0,Open,54,130,20,0.1,1.5,54
,1178,05:09,,1.49,0,Open,54,130,20,0.1,1.5,53
,1179,05:10,,1.49,0,Open,53,130,20,0.1,1.5,54
,1180,05:10,,1.49,0,Open,54,130,20,0.1,1.5,54
,1181,05:10,,1.46,0,Open,53,130,20,0.1,1.5,54
,1182,05:10,,1.47,0,Open,53,130,20,0.1,1.5,55
,1183,05:11,,1.48,0,Open,55,130,20,0.1,1.5,54
,1184,05:11,,1.47,0,Open,54,130,20,0.1,1.5,54
,1185,05:11,,1.48,0,Open,54,130,20,0.1,1.5,54
,1186,05:11,,1.48,0,Open,54,130,20,0.1,1.5,54
,1187,05:12,,1.48,0,Open,54,130,20,0.1,1.5,54
,1188,05:12,,1.48,0,Open,54,130,20,0.1,1.5,54
,1189,05:12,,1.47,0,Open,54,130,20,0.1,1.5,54
,1190,05:12,,1.47,0,Open,54,130,20,0.1,1.5,54
,1191,05:13,,1.48,0,Open,54,130,20,0.1,1.5,54
,1192,05:13,,1.49,0,Open,54,130,20,0.1,1.5,54
,1193,05:13,,1.48,0,Open,54,130,20,0.1,1.5,54
,1194,05:13,,1.46,0,Open,54,130,20,0.1,1.5,54
,1195,05:14,,1.46,0,Open,54,130,20,0.1,1.5,54
,1196,05:14,,1.50,0,Open,54,130,20,0.1,1.5,54
,1197,05:14,,1.50,0,Open,54,130,20,0.1,1.5,53
,1198,05:15,,1.47,0,Open,53,130,20,0.1,1.5,54
,1199,05:15,,1.47,0,Open,54,130,20,0.1,1.5,54
,1200,05:15,,1.49,0,Open,54,130,20,0.1,1.5,54
,1201,05:15,,1.49,0,Open,54,130,20,0.1,1.5,54
,1202,05:16,,1.49,0,Open,53,130,20,0.1,1.5,54
,1203,05:16,,1.49,0,Open,54,130,20,0.1,1.5,54
,1204,05:16,,1.49,0,Open,54,130,20,0.1,1.5,54
,1205,05:16,,1.49,0,Open,54,130,20,0.1,1.5,54
,1206,05:17,,1.47,0,Open,54,130,20,0.1,1.5,54
,1207,05:17,,1.47,0,Open,54,130,20,0.1,1.5,54
,1208,05:17,,1.48,0,Open,54,130,20,0.1,1.5,54
,1209,05:17,,1.48,0,Open,54,130,20,0.1,1.5,54
,1210,05:18,,1.47,0,Open,54,130,20,0.1,1.5,54
,1211,05:18,,1.47,0,Open,54,130,20,0.1,1.5,54
,1212,05:18,,1.50,0,Open,54,130,20,0.1,1.5,54
,1213,05:18,,1.51,0,Open,54,130,20,0.1,1.5,53
,1214,05:19,,1.51,0,Open,53,130,20,0.1,1.5,53
,1215,05:19,,1.45,0,Open,53,130,20,0.1,1.5,53
,1216,05:19,,1.44,0,Open,53,130,20,0.1,1.5,55
,1217,05:20,,1.48,0,Open,55,130,20,0.1,1.5,55
,1218,05:20,,1.48,0,Open,55,130,20,0.1,1.5,54
,1219,05:20,,1.49,0,Open,54,130,20,0.1,1.5,54
,1220,05:20,,1.49,0,Open,54,130,20,0.1,1.5,54
,1221,05:21,,1.49,0,Open,54,130,20,0.1,1.5,54
,1222,05:21,,1.49,0,Open,54,130,20,0.1,1.5,54
,1223,05:21,,1.48,0,Open,54,130,20,0.1,1.5,54
,1224,05:21,,1.48,0,Open,54,130,20,0.1,1.5,54
,1225,05:22,,1.47,0,Open,54,130,20,0.1,1.5,54
,1226,05:22,,1.47,0,Open,54,130,20,0.1,1.5,54
,1227,05:22,,1.49,0,Open,54,130,20,0.1,1.5,54
,1228,05:22,,1.49,0,Open,54,130,20,0.1,1.5,54
,1229,05:23,,1.50,0,Open,54,130,20,0.1,1.5,54
,1230,05:23,,1.50,0,Open,54,130,20,0.1,1.5,53
,1231,05:23,,1.48,0,Open,53,130,20,0.1,1.5,54
,1232,05:23,,1.48,0,Open,54,130,20,0.1,1.5,54
,1233,05:24,,1.49,0,Open,54,130,20,0.1,1.5,54
,1234,05:24,,1.49,0,Open,54,130,20,0.1,1.5,54
,1235,05:24,,1.50,0,Open,54,130,20,0.1,1.5,54
,1236,05:24,,1.50,0,Open,54,130,20,0.1,1.5,54
,1237,05:25,,1.50,0,Open,54,130,20,0.1,1.5,54
,1238,05:25,,1.47,0,Open,54,130,20,0.1,1.5,54
,1239,05:25,,1.47,0,Open,54,130,20,0.1,1.5,54
,1240,05:26,,1.49,0,Open,54,130,20,0.1,1.5,54
,1241,05:26,,1.49,0,Open,54,130,20,0.1,1.5,54
,1242,05:26,,1.48,0,Open,54,130,20,0.1,1.5,54
,1243,05:26,,1.48,0,Open,54,130,20,0.1,1.5,54
,1244,05:27,,1.48,0,Open,54,130,20,0.1,1.5,54
,1245,05:27,,1.48,0,Open,54,130,20,0.1,1.5,54
,1246,05:27,,1.52,0,Open,54,130,20,0.1,1.5,54
,1247,05:27,,1.52,0,Open,54,130,20,0.1,1.5,53
,1248,05:28,,1.49,0,Open,53,130,20,0.1,1.5,53
,1249,05:28,,1.49,0,Open,53,130,20,0.1,1.5,54
,1250,05:28,,1.49,0,Open,54,130,20,0.1,1.5,54
,1251,05:28,,1.48,0,Open,54,130,20,0.1,1.5,54
,1252,05:29,,1.49,0,Open,54,130,20,0.1,1.5,54
,1253,05:29,,1.49,0,Open,54,130,20,0.1,1.5,54
,1254,05:29,,1.50,0,Open,54,130,20,0.1,1.5,54
,1255,05:29,,1.50,0,Open,54,130,20,0.1,1.5,54
,1256,05:30,,1.49,0,Open,54,130,20,0.1,1.5,54
,1257,05:30,,1.49,0,Open,54,130,20,0.1,1.5,54
,1258,05:30,,1.46,0,Open,54,130,20,0.1,1.5,54
,1259,05:31,,1.46,0,Open,54,130,20,0.1,1.5,55
,1260,05:31,,1.48,0,Open,55,130,20,0.1,1.5,54
,1261,05:31,,1.48,0,Open,54,130,20,0.1,1.5,54
,1262,05:31,,1.48,0,Open,54,130,20,0.1,1.5,54
,1263,05:32,,1.50,0,Open,54,130,20,0.1,1.5,54
,1264,05:32,,1.50,0,Open,54,130,20,0.1,1.5,54
,1265,05:32,,1.50,0,Open,54,130,20,0.1,1.5,54
,1266,05:32,,1.50,0,Open,54,130,20,0.1,1.5,54
,1267,05:33,,1.47,0,Open,54,130,20,0.1,1.5,54
,1268,05:33,,1.47,0,Open,54,130,20,0.1,1.5,54
,1269,05:33,,1.46,0,Open,54,130,20,0.1,1.5,54
,1270,05:33,,1.47,0,Open,54,130,20,0.1,1.5,54
,1271,05:34,,1.50,0,Open,54,130,20,0.1,1.5,54
,1272,05:34,,1.50,0,Open,54,130,20,0.1,1.5,53
,1273,05:34,,1.52,0,Open,53,130,20,0.1,1.5,54
,1274,05:34,,1.52,0,Open,54,130,20,0.1,1.5,53
,1275,05:35,,1.49,0,Open,53,130,20,0.1,1.5,53
,1276,05:35,,1.49,0,Open,53,130,20,0.1,1.5,54
,1277,05:35,,1.46,0,Open,54,130,20,0.1,1.5,54
,1278,05:36,,1.47,0,Open,54,130,20,0.1,1.5,55
,1279,05:36,,1.50,0,Open,55,130,20,0.1,1.5,54
,1280,05:36,,1.50,0,Open,54,130,20,0.1,1.5,54
,1281,05:36,,1.49,0,Open,54,130,20,0.1,1.5,54
,1282,05:37,,1.48,0,Open,54,130,20,0.1,1.5,54
,1283,05:37,,1.48,0,Open,54,130,20,0.1,1.5,54
,1284,05:37,,1.49,0,Open,54,130,20,0.1,1.5,54
,1285,05:37,,1.49,0,Open,54,130,20,0.1,1.5,54
,1286,05:38,,1.49,0,Open,54,130,20,0.1,1.5,54
,1287,05:38,,1.49,0,Open,54,130,20,0.1,1.5,54
,1288,05:38,,1.51,0,Open,54,130,20,0.1,1.5,54
,1289,05:38,,1.50,0,Open,54,130,20,0.1,1.5,54
,1290,05:39,,1.47,0,Open,54,130,20,0.1,1.5,54
,1291,05:39,,1.47,0,Open,54,130,20,0.1,1.5,55
,1292,05:39,,1.48,0,Open,55,130,20,0.1,1.5,54
,1293,05:39,,1.47,0,Open,54,130,20,0.1,1.5,54
,1294,05:40,,1.51,0,Open,54,130,20,0.1,1.5,54
,1295,05:40,,1.51,0,Open,54,130,20,0.1,1.5,53
,1296,05:40,,1.51,0,Open,53,130,20,0.1,1.5,54
,1297,05:41,,1.50,0,Open,54,130,20,0.1,1.5,54
,1298,05:41,,1.51,0,Open,54,130,20,0.1,1.5,54
,1299,05:41,,1.50,0,Open,54,130,20,0.1,1.5,54
,1300,05:41,,1.51,0,Open,54,130,20,0.1,1.5,54
,1301,05:42,,1.52,0,Open,54,130,20,0.1,1.5,54
,1302,05:42,,1.46,0,Open,54,130,20,0.1,1.5,53
,1303,05:42,,1.46,0,Open,53,130,20,0.1,1.5,55
,1304,05:42,,1.45,0,Open,55,130,20,0.1,1.5,55
,1305,05:43,,1.45,0,Open,55,130,20,0.1,1.5,55
,1306,05:43,,1.50,0,Open,55,130,20,0.1,1.5,55
,1307,05:43,,1.52,0,Open,55,130,20,0.1,1.5,54
,1308,05:43,,1.52,0,Open,54,130,20,0.1,1.5,53
,1309,05:44,,1.47,0,Open,53,130,20,0.1,1.5,53
,1310,05:44,,1.47,0,Open,53,130,20,0.1,1.5,55
,1311,05:44,,1.50,0,Open,55,130,20,0.1,1.5,54
,1312,05:44,,1.50,0,Open,54,130,20,0.1,1.5,54
,1313,05:45,,1.49,0,Open,54,130,20,0.1,1.5,54
,1314,05:45,,1.49,0,Open,54,130,20,0.1,1.5,54
,1315,05:45,,1.49,0,Open,54,130,20,0.1,1.5,54
,1316,05:46,,1.50,0,Open,54,130,20,0.1,1.5,54
,1317,05:46,,1.49,0,Open,54,130,20,0.1,1.5,54
,1318,05:46,,1.49,0,Open,54,130,20,0.1,1.5,54
,1319,05:46,,1.48,0,Open,54,130,20,0.1,1.5,54
,1320,05:47,,1.48,0,Open,54,130,20,0.1,1.5,54
,1321,05:47,,1.49,0,Open,54,130,20,0.1,1.5,54
,1322,05:47,,1.49,0,Open,54,130,20,0.1,1.5,54
,1323,05:47,,1.50,0,Open,54,130,20,0.1,1.5,54
,1324,05:48,,1.50,0,Open,54,130,20,0.1,1.5,54
,1325,05:48,,1.49,0,Open,54,130,20,0.1,1.5,54
,1326,05:48,,1.49,0,Open,54,130,20,0.1,1.5,54
,1327,05:48,,1.51,0,Open,54,130,20,0.1,1.5,54
,1328,05:49,,1.51,0,Open,54,130,20,0.1,1.5,54
,1329,05:49,,1.50,0,Open,54,130,20,0.1,1.5,54
,1330,05:49,,1.50,0,Open,54,130,20,0.1,1.5,54
,1331,05:49,,1.50,0,Open,54,130,20,0.1,1.5,54
,1332,05:50,,1.47,0,Open,54,130,20,0.1,1.5,54
,1333,05:50,,1.48,0,Open,54,130,20,0.1,1.5,55
,1334,05:50,,1.51,0,Open,55,130,20,0.1,1.5,54
,1335,05:51,,1.50,0,Open,54,130,20,0.1,1.5,53
,1336,05:51,,1.48,0,Open,53,130,20,0.1,1.5,54
,1337,05:51,,1.48,0,Open,54,130,20,0.1,1.5,55
,1338,05:51,,1.49,0,Open,55,130,20,0.1,1.5,54
,1339,05:52,,1.49,0,Open,54,130,20,0.1,1.5,54
,1340,05:52,,1.50,0,Open,54,130,20,0.1,1.5,54
,1341,05:52,,1.50,0,Open,54,130,20,0.1,1.5,54
,1342,05:52,,1.50,0,Open,54,130,20,0.1,1.5,54
,1343,05:53,,1.49,0,Open,54,130,20,0.1,1.5,54
,1344,05:53,,1.47,0,Open,54,130,20,0.1,1.5,54
,1345,05:53,,1.46,0,Open,54,130,20,0.1,1.5,55
,1346,05:53,,1.50,0,Open,55,130,20,0.1,1.5,55
,1347,05:54,,1.51,0,Open,55,130,20,0.1,1.5,54
,1348,05:54,,1.49,0,Open,54,130,20,0.1,1.5,54
,1349,05:54,,1.49,0,Open,54,130,20,0.1,1.5,54
,1350,05:54,,1.47,0,Open,54,130,20,0.1,1.5,54
,1351,05:55,,1.48,0,Open,54,130,20,0.1,1.5,55
,1352,05:55,,1.48,0,Open,55,130,20,0.1,1.5,54
,1353,05:55,,1.45,0,Open,54,130,20,0.1,1.5,54
,1354,05:56,,1.45,0,Open,54,130,20,0.1,1.5,55
,1355,05:56,,1.54,0,Open,55,130,20,0.1,1.5,55
,1356,05:56,,1.54,0,Open,55,130,20,0.1,1.5,53
,1357,05:56,,1.49,0,Open,53,130,20,0.1,1.5,53
,1358,05:57,,1.49,0,Open,53,130,20,0.1,1.5,55
,1359,05:57,,1.47,0,Open,55,130,20,0.1,1.5,54
,1360,05:57,,1.46,0,Open,54,130,20,0.1,1.5,55
,1361,05:57,,1.49,0,Open,55,130,20,0.1,1.5,55
,1362,05:58,,1.49,0,Open,55,130,20,0.1,1.5,54
,1363,05:58,,1.50,0,Open,54,130,20,0.1,1.5,54
,1364,05:58,,1.50,0,Open,54,130,20,0.1,1.5,54
,1365,05:58,,1.49,0,Open,54,130,20,0.1,1.5,54
,1366,05:59,,1.49,0,Open,54,130,20,0.1,1.5,54
,1367,05:59,,1.47,0,Open,54,130,20,0.1,1.5,54
,1368,05:59,,1.48,0,Open,54,130,20,0.1,1.5,55
,1369,05:59,,1.50,0,Open,55,130,20,0.1,1.5,54
,1370,06:00,,1.50,0,Open,54,130,20,0.1,1.5,54
,1371,06:00,,1.48,0,Open,54,130,20,0.1,1.5,54
,1372,06:00,,1.48,0,Open,54,130,20,0.1,1.5,55
,1373,06:01,,1.49,0,Open,55,130,20,0.1,1.5,54
,1374,06:01,,1.49,0,Open,54,130,20,0.1,1.5,54
,1375,06:01,,1.49,0,Open,54,130,20,0.1,1.5,54
,1376,06:01,,1.50,0,Open,54,130,20,0.1,1.5,54
,1377,06:02,,1.51,0,Open,54,130,20,0.1,1.5,54
,1378,06:02,,1.48,0,Open,54,130,20,0.1,1.5,54
,1379,06:02,,1.48,0,Open,54,130,20,0.1,1.5,55
,1380,06:02,,1.50,0,Open,55,130,20,0.1,1.5,54
,1381,06:03,,1.51,0,Open,54,130,20,0.1,1.5,54
,1382,06:03,,1.48,0,Open,54,130,20,0.1,1.5,54
,1383,06:03,,1.48,0,Open,54,130,20,0.1,1.5,55
,1384,06:03,,1.51,0,Open,55,130,20,0.1,1.5,55
,1385,06:04,,1.50,0,Open,54,130,20,0.1,1.5,54
,1386,06:04,,1.52,0,Open,54,130,20,0.1,1.5,54
,1387,06:04,,1.52,0,Open,54,130,20,0.1,1.5,54
,1388,06:04,,1.49,0,Open,54,130,20,0.1,1.5,54
,1389,06:05,,1.49,0,Open,54,130,20,0.1,1.5,54
,1390,06:05,,1.49,0,Open,54,130,20,0.1,1.5,54
,1391,06:05,,1.49,0,Open,54,130,20,0.1,1.5,54
,1392,06:05,,1.50,0,Open,54,130,20,0.1,1.5,54
,1393,06:06,,1.50,0,Open,54,130,20,0.1,1.5,54
,1394,06:06,,1.51,0,Open,54,130,20,0.1,1.5,54
,1395,06:06,,1.51,0,Open,54,130,20,0.1,1.5,54
,1396,06:07,,1.51,0,Open,54,130,20,0.1,1.5,54
,1397,06:07,,1.51,0,Open,54,130,20,0.1,1.5,54
,1398,06:07,,1.49,0,Open,54,130,20,0.1,1.5,54
,1399,06:07,,1.49,0,Open,54,130,20,0.1,1.5,54
,1400,06:08,,1.48,0,Open,54,130,20,0.1,1.5,54
,1401,06:08,,1.50,0,Open,54,130,20,0.1,1.5,54
,1402,06:08,,1.51,0,Open,54,130,20,0.1,1.5,54
,1403,06:08,,1.49,0,Open,54,130,20,0.1,1.5,54
,1404,06:09,,1.49,0,Open,54,130,20,0.1,1.5,54
,1405,06:09,,1.51,0,Open,54,130,20,0.1,1.5,54
,1406,06:09,,1.52,0,Open,54,130,20,0.1,1.5,54
,1407,06:09,,1.49,0,Open,54,130,20,0.1,1.5,54
,1408,06:10,,1.49,0,Open,54,130,20,0.1,1.5,54
,1409,06:10,,1.50,0,Open,54,130,20,0.1,1.5,54
,1410,06:10,,1.49,0,Open,54,130,20,0.1,1.5,54
,1411,06:10,,1.48,0,Open,54,130,20,0.1,1.5,54
,1412,06:11,,1.48,0,Open,54,130,20,0.1,1.5,55
,1413,06:11,,1.50,0,Open,55,130,20,0.1,1.5,55
,1414,06:11,,1.49,0,Open,54,130,20,0.1,1.5,54
,1415,06:12,,1.53,0,Open,54,130,20,0.1,1.5,54
,1416,06:12,,1.54,0,Open,54,130,20,0.1,1.5,53
,1417,06:12,,1.49,0,Open,53,130,20,0.1,1.5,53
,1418,06:12,,1.49,0,Open,53,130,20,0.1,1.5,55
,1419,06:13,,1.47,0,Open,55,130,20,0.1,1.5,54
,1420,06:13,,1.47,0,Open,54,130,20,0.1,1.5,55
,1421,06:13,,1.49,0,Open,55,130,20,0.1,1.5,55
,1422,06:13,,1.49,0,Open,55,130,20,0.1,1.5,54
,1423,06:14,,1.46,0,Open,54,130,20,0.1,1.5,54
,1424,06:14,,1.46,0,Open,54,130,20,0.1,1.5,55
,1425,06:14,,1.50,0,Open,55,130,20,0.1,1.5,55
,1426,06:14,,1.52,0,Open,55,130,20,0.1,1.5,54
,1427,06:15,,1.52,0,Open,54,130,20,0.1,1.5,54
,1428,06:15,,1.49,0,Open,54,130,20,0.1,1.5,54
,1429,06:15,,1.49,0,Open,54,130,20,0.1,1.5,54
,1430,06:15,,1.48,0,Open,54,130,20,0.1,1.5,54
,1431,06:16,,1.47,0,Open,54,130,20,0.1,1.5,55
,1432,06:16,,1.51,0,Open,55,130,20,0.1,1.5,55
,1433,06:16,,1.50,0,Open,55,130,20,0.1,1.5,54
,1434,06:17,,1.51,0,Open,54,130,20,0.1,1.5,54
,1435,06:17,,1.51,0,Open,54,130,20,0.1,1.5,54
,1436,06:17,,1.49,0,Open,54,130,20,0.1,1.5,54
,1437,06:17,,1.49,0,Open,54,130,20,0.1,1.5,54
,1438,06:18,,1.47,0,Open,54,130,20,0.1,1.5,54
,1439,06:18,,1.49,0,Open,54,130,20,0.1,1.5,55
,1440,06:18,,1.51,0,Open,55,130,20,0.1,1.5,54
,1441,06:18,,1.51,0,Open,54,130,20,0.1,1.5,54
,1442,06:19,,1.48,0,Open,54,130,20,0.1,1.5,54
,1443,06:19,,1.48,0,Open,54,130,20,0.1,1.5,55
,1444,06:19,,1.50,0,Open,55,130,20,0.1,1.5,55
,1445,06:19,,1.50,0,Open,54,130,20,0.1,1.5,54
,1446,06:20,,1.51,0,Open,54,130,20,0.1,1.5,54
,1447,06:20,,1.49,0,Open,54,130,20,0.1,1.5,54
,1448,06:20,,1.49,0,Open,54,130,20,0.1,1.5,54
,1449,06:20,,1.49,0,Open,54,130,20,0.1,1.5,54
,1450,06:21,,1.49,0,Open,54,130,20,0.1,1.5,54
,1451,06:21,,1.48,0,Open,54,130,20,0.1,1.5,54
,1452,06:21,,1.48,0,Open,54,130,20,0.1,1.5,55
,1453,06:22,,1.51,0,Open,55,130,20,0.1,1.5,54
,1454,06:22,,1.51,0,Open,54,130,20,0.1,1.5,54
,1455,06:22,,1.50,0,Open,54,130,20,0.1,1.5,54
,1456,06:22,,1.50,0,Open,54,130,20,0.1,1.5,54
,,,,,,,,,,,,
,,,,,,,,,,,,
,,,,,,,,,,,,
,,,,,,,,,,,,
,,,,,,,,,,,,
,,,,,,,,,,,,
,,,,,,,,,,,,
,,,,,,,,,,,,
,,,,,,,,,,,,
,,,,,,,,,,,,