 ,Area,Perim.,Feret,FeretX,FeretY,FeretAngle,MinFeret
1,1.072,4.840,1.489,673,30,5.826,1.101
2,0.150,1.734,0.731,1151,41,60.255,0.338
3,0.047,0.883,0.394,1172,36,57.529,0.192
4,0.048,0.816,0.321,1035,37,41.186,0.235
5,0.043,0.823,0.326,1100,53,21.801,0.230
6,0.041,0.841,0.385,966,62,45.000,0.171
7,0.037,0.737,0.302,917,62,36.870,0.192
8,0.358,3.052,1.179,978,98,67.380,0.599
9,0.058,0.926,0.382,668,70,18.435,0.239
10,0.041,0.780,0.311,757,75,29.055,0.214
11,0.038,0.773,0.342,876,82,45.000,0.192
12,0.058,0.919,0.364,951,83,41.634,0.248
13,0.069,1.012,0.387,1090,87,38.660,0.278
14,0.042,0.798,0.321,856,92,41.186,0.212
15,0.350,3.322,1.112,1089,121,67.620,0.682
16,0.033,0.737,0.327,603,96,33.690,0.168
17,0.044,0.901,0.342,897,103,45.000,0.214
18,0.032,0.695,0.302,848,104,36.870,0.168
19,0.109,1.304,0.488,842,108,97.125,0.363
20,0.175,1.983,0.756,1158,136,73.740,0.390
21,0.187,1.805,0.676,1091,148,63.435,0.454
22,0.128,1.470,0.584,1145,152,68.749,0.333
23,0.047,0.798,0.321,1108,150,41.186,0.214
24,0.055,0.894,0.345,1209,143,105.255,0.212
25,0.035,0.695,0.302,1118,156,36.870,0.171
26,0.123,1.485,0.587,790,166,34.509,0.330
27,0.169,1.991,0.717,1191,171,27.646,0.428
28,0.037,0.798,0.327,1117,193,33.690,0.189
29,0.079,1.133,0.433,1053,203,65.225,0.302
30,0.041,0.780,0.311,1056,210,29.055,0.214
31,0.050,0.876,0.364,1133,223,48.366,0.230
32,0.054,0.866,0.342,1023,224,45.000,0.235
33,0.059,0.908,0.354,1190,222,19.983,0.257
34,0.037,0.737,0.299,1055,231,45.000,0.192
35,0.051,0.901,0.387,806,240,38.660,0.214
36,0.102,1.389,0.558,1010,242,12.529,0.302
37,0.059,0.936,0.398,1094,241,8.746,0.181
38,0.100,1.407,0.472,1169,253,50.194,0.345
39,0.078,1.432,0.528,908,259,66.371,0.272
40,0.066,1.022,0.428,745,258,45.000,0.252
41,0.045,0.823,0.298,984,254,23.962,0.228
42,0.049,0.805,0.311,864,266,29.055,0.235
43,0.050,0.833,0.345,756,275,52.125,0.235
44,0.111,1.382,0.562,1182,285,53.746,0.285
45,0.062,1.122,0.472,1130,289,39.806,0.205
46,0.113,1.553,0.555,970,297,29.358,0.363
47,0.035,0.816,0.345,1046,303,74.745,0.172
48,0.054,0.876,0.364,892,310,48.366,0.230
49,0.065,0.961,0.369,961,311,55.008,0.272
50,0.161,1.752,0.609,1025,323,63.435,0.423
51,0.121,1.492,0.600,869,337,49.086,0.311
52,0.039,0.816,0.302,838,331,36.870,0.212
53,0.038,0.876,0.345,843,338,37.875,0.201
54,0.077,1.072,0.433,1184,339,24.775,0.272
55,0.254,2.792,1.005,828,344,111.161,0.424
56,0.041,0.762,0.316,958,356,16.699,0.212
57,0.071,1.389,0.620,966,367,46.975,0.214
58,0.038,0.773,0.302,1157,364,36.870,0.206
59,0.141,1.923,0.623,776,362,140.906,0.434
60,0.039,0.816,0.302,1206,379,53.130,0.212
61,0.038,0.816,0.354,869,387,19.983,0.181
62,0.048,0.926,0.393,763,398,22.620,0.212
63,0.062,0.961,0.387,826,404,51.340,0.257
64,0.032,0.737,0.302,977,403,36.870,0.184
65,0.051,0.823,0.311,853,419,29.055,0.252
66,0.056,0.901,0.321,691,422,41.186,0.253
67,0.067,1.115,0.446,890,427,61.699,0.253
68,0.111,1.596,0.584,921,433,68.749,0.349
69,0.064,1.054,0.374,892,446,75.964,0.272
70,0.030,0.695,0.285,835,445,57.995,0.187
71,0.087,1.143,0.454,866,456,53.130,0.308
72,0.059,1.079,0.411,1195,460,53.973,0.235
73,0.064,1.029,0.433,1054,458,24.775,0.242
74,0.136,2.098,0.814,990,478,41.987,0.303
75,0.081,1.475,0.684,597,479,45.000,0.202
76,0.042,0.833,0.364,464,478,41.634,0.203
77,0.112,1.417,0.578,895,500,47.121,0.335
78,1.098,4.448,1.483,555,494,101.768,1.028
79,0.141,1.649,0.582,1001,504,27.897,0.397
80,0.075,1.065,0.406,1183,505,26.565,0.297
81,0.039,0.798,0.311,771,511,60.945,0.212
82,0.083,1.296,0.433,1148,524,167.905,0.361
83,0.057,0.894,0.369,735,535,34.992,0.242
84,0.041,0.755,0.311,853,535,29.055,0.210
85,0.058,1.072,0.470,522,542,45.000,0.212
86,0.042,0.755,0.321,988,540,41.186,0.214
87,0.045,0.780,0.316,837,538,16.699,0.212
88,0.039,0.805,0.327,1110,543,33.690,0.192
89,0.112,1.399,0.565,887,546,15.524,0.296
90,0.049,0.841,0.365,484,546,24.444,0.212
91,0.040,0.858,0.387,943,550,51.340,0.192
92,0.042,0.805,0.316,758,548,16.699,0.214
93,0.032,0.737,0.321,1074,553,48.814,0.171
94,0.059,0.944,0.327,1030,555,33.690,0.272
95,0.061,0.944,0.369,980,566,34.992,0.272
96,0.065,0.987,0.338,873,570,26.565,0.302
97,0.066,1.140,0.488,1092,574,29.745,0.257
98,0.070,0.997,0.407,692,578,48.013,0.272
99,0.039,0.737,0.270,761,589,63.435,0.230
100,0.060,0.944,0.379,816,597,61.390,0.257
101,0.079,1.596,0.556,1006,606,67.620,0.265
102,0.052,0.901,0.354,935,592,160.017,0.242
103,0.046,0.816,0.298,1102,594,156.038,0.242
104,0.046,0.901,0.369,862,603,34.992,0.210
105,0.163,1.709,0.676,819,610,26.565,0.393
106,0.159,1.596,0.556,726,621,67.620,0.411
107,0.042,0.891,0.411,767,616,36.027,0.171
108,0.085,1.211,0.507,761,628,17.354,0.268
109,0.045,0.833,0.338,872,631,10.305,0.181
110,0.030,0.737,0.342,947,638,45.000,0.143
111,0.276,2.343,0.766,778,644,170.910,0.635
112,0.050,0.866,0.311,1140,639,29.055,0.230
113,0.052,0.908,0.379,295,643,28.610,0.218
114,0.109,1.691,0.582,865,639,171.027,0.333
115,0.054,0.926,0.369,1010,657,34.992,0.230
116,0.043,0.901,0.369,947,662,34.992,0.235
117,0.130,1.656,0.638,992,678,58.570,0.355
118,0.072,1.425,0.496,836,675,52.431,0.299
119,0.062,0.969,0.354,698,679,70.017,0.266
120,0.077,1.186,0.436,702,695,56.310,0.269
121,0.092,1.208,0.428,826,690,8.130,0.321
122,0.051,0.841,0.327,345,694,33.690,0.235
123,0.040,0.919,0.382,725,693,18.435,0.181
124,0.047,0.883,0.387,876,701,38.660,0.192
125,0.058,0.951,0.394,895,707,32.471,0.226
126,0.117,1.382,0.503,815,714,57.265,0.377
127,0.047,0.901,0.407,972,712,41.987,0.192
128,0.076,1.107,0.446,390,719,61.699,0.272
129,0.050,0.866,0.369,774,715,34.992,0.210
130,0.079,1.150,0.450,1104,718,42.274,0.278
131,0.108,1.332,0.541,904,713,153.435,0.323
132,0.058,0.969,0.382,696,724,18.435,0.216
133,0.124,1.845,0.631,888,721,106.699,0.387
134,0.054,0.987,0.450,661,732,42.274,0.192
135,0.050,0.961,0.411,779,731,36.027,0.184
136,0.042,0.823,0.353,1072,733,30.964,0.187
137,0.057,0.987,0.365,176,735,24.444,0.252
138,0.044,0.841,0.364,908,744,48.366,0.192
139,0.033,0.677,0.270,988,741,26.565,0.192
140,0.074,1.022,0.379,466,749,61.390,0.302
141,0.042,0.823,0.345,798,746,37.875,0.201
142,0.052,0.908,0.387,689,748,38.660,0.214
143,0.051,0.961,0.369,964,746,34.992,0.212
144,0.049,0.901,0.353,1197,749,59.036,0.242
145,0.129,1.329,0.499,1064,749,14.036,0.393
146,0.059,1.208,0.535,799,756,42.709,0.189
147,0.191,2.193,0.879,1210,745,93.945,0.423
148,0.180,1.727,0.690,643,761,37.875,0.444
149,1.543,5.865,1.851,974,796,38.367,1.391
150,0.046,0.816,0.302,518,760,36.870,0.229
151,0.079,1.122,0.411,606,756,107.103,0.321
152,0.034,0.773,0.338,1131,768,26.565,0.161
153,0.088,1.699,0.499,846,771,14.036,0.337
154,0.048,0.833,0.345,635,777,52.125,0.230
155,0.095,1.218,0.501,591,778,25.017,0.285
156,0.089,1.236,0.496,786,781,37.569,0.287
157,0.046,0.866,0.365,537,780,24.444,0.189
158,0.051,1.004,0.374,924,779,14.036,0.239
159,0.056,0.908,0.327,727,785,56.310,0.242
160,0.063,1.079,0.382,912,789,161.565,0.298
161,0.101,1.253,0.536,829,797,16.390,0.272
162,0.150,1.435,0.529,628,806,59.036,0.393
163,0.048,0.798,0.311,505,801,29.055,0.230
164,0.107,1.435,0.473,744,827,26.565,0.393
165,0.030,0.720,0.302,720,826,53.130,0.150
166,0.042,0.798,0.302,772,829,53.130,0.226
167,0.040,0.823,0.345,607,834,37.875,0.192
168,0.048,0.883,0.369,526,839,34.992,0.203
169,0.095,1.307,0.517,335,850,69.444,0.266
170,0.081,1.168,0.450,565,847,47.726,0.297
171,0.049,0.876,0.369,489,847,55.008,0.226
172,0.042,0.823,0.345,635,846,52.125,0.192
173,0.091,1.175,0.433,577,846,167.905,0.333
174,0.053,0.866,0.316,443,856,16.699,0.257
175,0.098,1.236,0.492,637,869,47.490,0.321
176,0.080,1.417,0.536,708,873,73.610,0.257
177,0.073,1.158,0.503,524,873,32.735,0.225
178,0.091,1.304,0.428,625,870,98.130,0.333
179,0.043,0.841,0.364,451,883,48.366,0.192
180,0.032,0.695,0.298,219,881,23.962,0.168
181,0.037,0.755,0.285,216,895,32.005,0.226
182,0.210,2.358,0.807,731,890,102.995,0.518
183,0.048,1.090,0.354,249,907,70.017,0.249
184,0.113,1.425,0.605,692,911,36.870,0.285
185,0.060,1.082,0.473,595,911,26.565,0.220
186,0.031,0.720,0.285,738,926,57.995,0.189
187,0.087,1.271,0.545,561,938,33.690,0.228
188,0.043,0.823,0.345,422,939,37.875,0.192
189,0.032,0.652,0.260,542,942,35.538,0.192
190,0.088,1.545,0.568,430,949,25.201,0.302
191,0.103,1.510,0.499,464,949,104.036,0.331
192,0.039,0.762,0.327,299,962,33.690,0.192
193,0.134,1.663,0.732,471,976,51.710,0.278
194,0.034,0.755,0.311,586,964,29.055,0.176
195,0.044,0.816,0.321,536,972,41.186,0.207
196,0.041,0.848,0.327,636,973,33.690,0.212
197,0.048,0.883,0.364,279,976,48.366,0.212
198,0.117,1.382,0.552,367,972,170.538,0.328
199,0.043,0.858,0.298,587,971,156.038,0.237
200,0.105,1.228,0.436,540,972,146.310,0.363
201,0.099,1.211,0.462,566,986,58.392,0.338
202,0.058,0.944,0.403,445,979,12.995,0.212
203,0.211,2.222,0.838,282,983,154.359,0.445
204,0.037,0.780,0.353,388,987,30.964,0.176
205,0.054,0.944,0.394,422,991,57.529,0.230
206,0.032,0.755,0.302,244,989,36.870,0.180
207,0.035,0.737,0.327,493,993,33.690,0.169
208,0.067,1.054,0.406,526,999,63.435,0.277
209,0.057,0.926,0.369,417,1003,55.008,0.257
210,0.042,0.823,0.316,204,996,163.301,0.212
211,0.052,0.961,0.407,441,1006,48.013,0.235
212,0.051,0.926,0.385,543,1007,45.000,0.214
213,0.032,0.712,0.311,583,1005,29.055,0.172
214,0.034,0.670,0.279,473,1010,40.601,0.192
215,0.030,0.737,0.327,348,1013,33.690,0.168
216,0.040,1.150,0.529,374,1017,30.964,0.122
217,0.048,0.876,0.369,294,1016,34.992,0.210
218,0.030,0.695,0.302,510,1022,36.870,0.169
219,0.069,1.047,0.436,409,1030,33.690,0.254
220,0.062,0.961,0.394,466,1033,32.471,0.230
221,0.075,1.150,0.469,122,1037,14.931,0.257
222,0.075,1.047,0.393,470,1043,22.620,0.296
223,0.162,1.837,0.623,345,1042,150.945,0.410
224,0.040,0.755,0.321,519,1059,41.186,0.192
225,0.071,1.029,0.394,340,1063,32.471,0.272
226,0.065,1.022,0.387,243,1064,51.340,0.290
227,0.035,0.762,0.345,467,1063,37.875,0.150
228,0.060,0.926,0.374,272,1062,14.036,0.242
229,0.105,1.304,0.450,63,1068,42.274,0.333
230,0.067,1.450,0.623,298,1083,39.094,0.213
231,0.099,1.371,0.478,180,1083,55.305,0.352
232,0.240,2.393,0.741,28,1096,78.232,0.588
233,0.045,0.894,0.345,404,1080,37.875,0.225
234,0.034,0.755,0.298,283,1078,23.962,0.181
235,0.035,0.858,0.379,207,1082,28.610,0.149
236,0.130,1.777,0.771,203,1094,25.560,0.294
237,0.078,1.029,0.406,349,1092,26.565,0.284
238,0.055,0.951,0.420,127,1094,30.256,0.192
239,0.030,0.762,0.302,78,1097,53.130,0.170
240,0.072,0.987,0.374,366,1098,14.036,0.272
241,0.175,2.393,0.960,236,1122,61.821,0.424
242,0.044,0.841,0.353,421,1102,30.964,0.212
243,0.033,0.773,0.345,476,1105,52.125,0.172
244,0.093,1.492,0.515,260,1112,40.236,0.338
245,0.053,0.951,0.406,407,1105,26.565,0.216
246,0.063,0.961,0.369,140,1107,34.992,0.268
247,0.059,0.936,0.394,17,1112,57.529,0.242
248,0.051,0.883,0.379,246,1110,28.610,0.203
249,0.151,1.812,0.623,377,1121,50.906,0.433
250,0.138,1.492,0.596,450,1130,30.466,0.342
251,0.274,3.793,1.124,367,1138,23.806,0.735
252,0.035,0.773,0.353,265,1131,30.964,0.161
253,0.075,1.236,0.556,4,1145,45.000,0.227
254,0.454,3.454,1.033,326,1144,20.556,0.791
255,0.048,0.841,0.354,38,1145,19.983,0.212
256,0.077,1.261,0.428,47,1147,171.870,0.302
257,0.053,1.029,0.472,223,1157,39.806,0.181
258,0.099,1.228,0.462,26,1161,58.392,0.333
259,0.101,1.510,0.522,182,1161,10.008,0.392
260,0.147,1.792,0.638,465,1171,31.430,0.369
261,0.109,1.357,0.571,400,1171,32.005,0.311
262,0.039,0.773,0.327,345,1167,33.690,0.189
263,0.055,0.894,0.385,202,1182,45.000,0.230
264,0.042,0.841,0.379,127,1181,28.610,0.181
265,0.048,0.926,0.394,351,1183,32.471,0.213
266,0.153,1.596,0.609,30,1190,26.565,0.390
267,0.036,0.755,0.338,333,1187,26.565,0.175
268,0.081,1.115,0.393,225,1186,157.380,0.347
269,0.165,1.863,0.669,79,1188,161.565,0.439
270,0.064,0.944,0.374,394,1196,14.036,0.242
271,0.049,0.841,0.338,207,1193,169.695,0.212
272,0.123,1.870,0.705,337,1209,30.964,0.376
273,0.192,2.240,0.736,163,1201,170.538,0.495
274,0.244,2.200,0.788,107,1198,147.529,0.577
275,0.108,1.268,0.450,421,1210,70.346,0.363
276,0.381,3.519,1.032,300,1214,174.958,0.714
277,0.295,2.849,1.034,6,1220,37.875,0.593
278,0.067,0.979,0.387,271,1210,51.340,0.277
279,0.206,1.991,0.721,208,1223,33.024,0.488
280,0.050,0.858,0.369,354,1213,34.992,0.210
281,0.112,1.410,0.558,78,1226,77.471,0.272
282,0.045,0.798,0.316,35,1213,16.699,0.210
283,0.320,3.811,1.313,163,1231,28.926,0.556
284,0.048,1.115,0.393,137,1218,22.620,0.212
285,0.035,0.762,0.327,267,1223,33.690,0.171
286,0.034,0.670,0.285,339,1221,32.005,0.181
287,0.054,0.883,0.345,38,1226,37.875,0.257
288,0.080,1.090,0.446,371,1233,28.301,0.284
289,0.048,0.883,0.379,137,1232,28.610,0.216
290,0.043,0.841,0.353,246,1233,30.964,0.184
291,0.076,1.211,0.503,182,1242,32.735,0.261
292,0.269,2.814,1.039,266,1236,171.634,0.443
293,0.098,1.364,0.545,352,1248,33.690,0.297
294,0.035,0.755,0.327,340,1248,33.690,0.162
295,0.069,1.029,0.420,158,1256,59.744,0.257
296,0.450,3.640,1.325,220,1276,27.150,0.619
297,0.031,0.755,0.345,323,1261,37.875,0.159
298,0.133,1.898,0.636,167,1269,25.346,0.385
299,0.103,1.236,0.472,338,1271,50.194,0.310
300,0.052,0.987,0.446,300,1270,28.301,0.205
301,0.258,2.315,0.814,39,1290,74.932,0.514
302,0.036,0.816,0.354,16,1270,19.983,0.181
303,0.040,0.798,0.327,93,1273,33.690,0.203
304,0.032,0.670,0.285,79,1273,32.005,0.181
305,0.080,1.286,0.529,112,1290,59.036,0.277
306,0.050,1.090,0.458,400,1280,7.595,0.181
307,0.088,1.286,0.430,186,1290,39.289,0.338
308,0.174,2.023,0.721,334,1303,56.976,0.392
309,0.038,0.737,0.298,126,1289,23.962,0.193
310,0.411,3.558,1.109,158,1319,25.866,0.715
311,0.057,0.944,0.382,129,1300,18.435,0.230
312,0.141,2.041,0.841,144,1317,52.306,0.315
313,0.339,3.796,1.209,248,1327,36.870,0.507
314,0.030,0.677,0.279,93,1317,40.601,0.171
315,0.137,1.503,0.623,365,1324,22.834,0.354
316,0.060,0.961,0.393,213,1330,67.380,0.242
317,0.046,0.773,0.321,320,1333,41.186,0.214
318,0.122,1.374,0.507,8,1329,162.646,0.363
319,0.043,0.987,0.406,267,1334,26.565,0.203
320,0.049,0.891,0.379,194,1340,28.610,0.192
321,0.037,0.866,0.385,156,1347,45.000,0.171
322,0.108,1.314,0.545,131,1356,56.310,0.321
323,0.040,0.798,0.345,115,1351,37.875,0.176
324,0.449,4.327,1.318,85,1354,143.393,0.795
325,0.030,0.737,0.326,137,1357,21.801,0.162
326,0.050,0.848,0.338,229,1362,26.565,0.224
327,0.053,0.933,0.394,44,1364,32.471,0.213
328,0.044,0.858,0.354,1,1362,19.983,0.212
329,0.038,0.755,0.311,285,1370,29.055,0.184
330,0.053,0.894,0.365,147,1377,65.556,0.212
331,0.037,0.755,0.321,215,1378,41.186,0.192
332,0.042,0.773,0.287,32,1376,161.565,0.212
333,0.036,0.841,0.387,197,1386,38.660,0.159
334,0.057,0.919,0.394,259,1387,32.471,0.216
335,0.123,1.902,0.841,130,1404,37.694,0.245
336,0.085,1.228,0.503,283,1401,32.735,0.268
337,0.033,0.737,0.298,20,1401,23.962,0.176
338,0.110,1.329,0.517,192,1406,20.556,0.299
339,0.043,0.833,0.369,164,1407,34.992,0.181
340,0.276,3.398,1.231,134,1439,65.323,0.491
341,0.123,1.364,0.545,62,1419,19.440,0.347
342,0.061,1.054,0.436,157,1423,56.310,0.239
343,0.066,0.979,0.382,244,1419,18.435,0.242
344,0.053,0.961,0.411,270,1428,17.103,0.195
345,0.119,1.435,0.488,24,1433,7.125,0.363
346,0.038,0.755,0.311,288,1432,29.055,0.192
347,0.039,0.755,0.321,0,1441,41.186,0.210
348,0.493,4.209,1.478,88,1469,30.763,0.722
349,0.170,2.553,1.124,211,1451,23.806,0.284
350,0.031,0.702,0.298,316,1442,23.962,0.171
351,0.055,0.919,0.394,175,1448,32.471,0.227
352,0.041,0.798,0.327,154,1454,33.690,0.210
353,0.599,4.744,1.555,182,1481,26.565,0.876
354,1.008,5.890,1.597,154,1512,71.222,0.963
355,0.043,0.823,0.369,35,1480,34.992,0.171
356,0.051,0.994,0.430,45,1484,39.289,0.192
357,0.042,0.901,0.345,62,1486,15.255,0.181
358,0.089,1.354,0.587,192,1502,55.491,0.235
359,0.040,0.780,0.311,163,1500,29.055,0.201
360,0.037,0.848,0.364,60,1506,41.634,0.150
361,0.118,1.553,0.499,101,1508,104.036,0.402
362,0.037,0.773,0.345,29,1516,37.875,0.162
363,0.045,0.858,0.365,158,1524,24.444,0.212
364,0.064,1.054,0.454,71,1534,53.130,0.214
365,0.058,0.944,0.345,142,1526,105.255,0.272
366,0.090,1.307,0.541,80,1536,26.565,0.297
367,0.049,0.894,0.394,104,1535,32.471,0.212
368,0.074,1.253,0.545,192,1547,56.310,0.230
369,0.036,0.737,0.326,116,1538,21.801,0.181
370,0.114,1.382,0.450,52,1551,70.346,0.399
371,0.057,1.065,0.472,131,1548,39.806,0.193
372,0.065,0.987,0.387,67,1548,38.660,0.257
373,0.049,0.841,0.327,163,1551,33.690,0.216
374,0.105,1.261,0.472,138,1559,39.806,0.339
375,0.078,1.271,0.556,72,1555,22.380,0.241
376,0.379,3.198,1.204,88,1576,38.884,0.536
377,0.144,1.621,0.565,12,1569,74.476,0.423
378,0.251,2.756,0.775,170,1564,110.556,0.508
379,0.101,1.450,0.584,145,1582,21.251,0.230
380,0.081,1.107,0.436,113,1582,33.690,0.270
381,0.101,1.304,0.478,224,1583,34.695,0.338
382,0.046,0.823,0.311,58,1582,29.055,0.226
383,0.979,7.670,1.870,1180,1634,67.166,1.119
384,0.032,0.720,0.285,28,1593,57.995,0.176
385,0.032,0.755,0.327,127,1600,33.690,0.162
386,0.424,3.750,1.263,73,1618,16.699,0.670
387,0.053,0.919,0.379,130,1608,28.610,0.227
388,0.032,0.730,0.308,0,1607,101.310,0.151
389,0.044,0.883,0.387,1075,1615,38.660,0.181
390,0.293,2.247,0.758,1072,1649,61.390,0.541
391,0.177,1.980,0.654,132,1644,56.310,0.419
392,0.204,2.212,0.931,1147,1651,54.246,0.363
393,5.670,28.563,4.257,1078,1649,126.626,3.013
394,0.153,1.717,0.608,1165,1642,174.289,0.393
395,0.059,0.979,0.382,1208,1661,71.565,0.242
396,0.106,1.321,0.499,61,1656,104.036,0.312
397,0.126,1.752,0.731,86,1669,29.745,0.335
398,0.203,1.852,0.646,134,1668,169.216,0.454
399,0.063,0.969,0.394,19,1670,32.471,0.253
400,0.141,1.442,0.528,80,1677,156.371,0.380
401,0.067,1.603,0.609,133,1691,26.565,0.228
402,0.093,1.279,0.517,1185,1700,69.444,0.302
403,0.047,0.901,0.393,91,1694,22.620,0.210
404,0.038,0.798,0.287,157,1694,18.435,0.212
405,0.103,1.646,0.738,7,1707,34.992,0.247
406,0.055,0.901,0.345,90,1704,15.255,0.239
407,0.041,0.858,0.369,39,1708,34.992,0.174
408,0.037,0.790,0.345,63,1713,37.875,0.176
409,0.046,0.841,0.353,73,1716,30.964,0.201
410,0.062,1.019,0.354,85,1718,19.983,0.278
411,0.576,4.272,1.674,13,1739,16.798,0.522
412,0.037,0.894,0.364,0,1736,94.764,0.181
413,0.086,1.286,0.433,154,1744,114.775,0.352
414,0.116,1.574,0.558,18,1749,167.471,0.325
415,0.176,1.656,0.596,80,1765,59.534,0.458
416,0.255,2.892,0.823,37,1756,17.103,0.597
417,0.184,2.970,1.101,105,1767,20.925,0.388
418,0.083,1.175,0.440,0,1764,15.945,0.302
419,0.049,0.901,0.387,25,1770,38.660,0.203
420,0.044,0.798,0.311,5,1773,29.055,0.213
421,0.085,1.389,0.536,61,1777,16.390,0.272
422,0.201,2.625,1.032,65,1816,58.173,0.392
423,0.345,2.275,0.765,734,1789,108.435,0.651
424,1.225,6.353,2.040,2,1845,39.588,1.213
425,0.066,1.012,0.403,115,1801,12.995,0.272
426,0.035,0.773,0.338,800,1806,26.565,0.163
427,0.060,1.029,0.327,674,1807,123.690,0.302
428,0.069,1.022,0.394,88,1815,32.471,0.262
429,0.112,1.339,0.545,978,1826,33.690,0.321
430,0.065,1.004,0.345,780,1821,164.745,0.297
431,0.575,4.369,1.398,1016,1872,51.147,0.732
432,0.727,3.476,1.192,745,1880,54.293,0.893
433,0.094,1.175,0.454,782,1857,36.870,0.294
434,0.076,1.097,0.430,998,1857,39.289,0.277
435,0.080,1.150,0.450,83,1868,42.274,0.296
436,0.033,0.755,0.345,800,1865,37.875,0.149
437,1.018,4.875,1.525,702,1862,103.761,1.072
438,0.038,0.816,0.353,1012,1881,30.964,0.183
439,0.056,0.933,0.345,774,1885,15.255,0.235
440,0.068,1.079,0.393,790,1885,22.620,0.257
441,0.147,1.520,0.623,63,1894,50.906,0.363
442,0.036,0.762,0.316,92,1891,16.699,0.212
443,0.056,0.944,0.393,785,1903,22.620,0.212
444,0.062,1.122,0.492,29,1913,42.510,0.192
445,0.182,1.812,0.653,55,1927,76.608,0.393
446,0.063,1.072,0.450,752,1917,42.274,0.223
447,0.058,0.936,0.354,102,1920,19.983,0.242
448,0.076,1.015,0.369,0,1931,55.008,0.302
449,0.055,0.883,0.354,54,1941,19.983,0.235
450,0.239,2.497,0.949,1108,1963,59.349,0.457
451,0.080,1.065,0.382,1091,1941,161.565,0.302
452,0.078,1.090,0.454,739,1951,36.870,0.257
453,2.589,10.911,2.343,1138,1995,17.266,1.996
454,0.125,1.467,0.488,1081,1950,111.801,0.368
455,0.038,0.901,0.368,779,1958,170.538,0.167
456,0.053,1.082,0.473,648,1965,26.565,0.203
457,0.041,1.012,0.428,1126,1973,45.000,0.192
458,0.954,7.198,1.619,1075,2009,57.200,1.122
459,0.088,1.243,0.454,772,1977,36.870,0.321
460,0.055,1.150,0.514,798,1979,28.072,0.162
461,0.054,1.115,0.488,721,1981,21.801,0.189
462,0.140,1.460,0.587,753,1992,55.491,0.357
463,0.073,1.029,0.430,1123,1991,39.289,0.257
464,0.163,1.880,0.584,40,2020,68.749,0.491
465,0.067,1.115,0.492,652,2018,42.510,0.214
466,0.421,3.625,1.317,1030,2036,31.866,0.567
467,0.086,1.158,0.398,879,2025,171.254,0.302
468,0.130,1.613,0.706,923,2038,43.264,0.299
469,0.453,2.973,1.016,659,2059,67.249,0.735
470,0.040,0.841,0.365,1062,2035,24.444,0.168
471,0.030,0.841,0.387,1183,2040,38.660,0.133
472,0.056,1.047,0.472,0,2045,50.194,0.207
473,0.102,1.510,0.666,1186,2058,50.528,0.278
474,0.062,1.450,0.647,1161,2055,37.405,0.192
475,0.133,1.450,0.522,928,2054,10.008,0.382
476,0.114,2.034,0.803,1000,2057,19.799,0.325
477,0.070,1.012,0.374,44,2059,165.964,0.290
478,0.046,1.175,0.406,1122,2068,63.435,0.242
479,0.060,0.901,0.369,31,2070,34.992,0.257
480,0.080,1.475,0.492,1191,2074,47.490,0.268
481,0.043,0.883,0.385,1177,2074,45.000,0.184
482,0.053,1.133,0.503,1196,2078,32.735,0.176
483,0.069,1.175,0.538,918,2082,38.157,0.214
484,0.043,0.848,0.369,981,2102,55.008,0.171
485,0.117,1.649,0.758,862,2104,23.499,0.263
486,0.072,1.047,0.420,1095,2105,59.744,0.277
487,0.067,1.012,0.411,59,2107,36.027,0.235
488,0.192,1.877,0.653,1072,2113,13.392,0.426
489,0.042,0.755,0.302,0,2128,36.870,0.214
490,0.080,1.183,0.514,1098,2147,28.072,0.230
491,0.030,0.823,0.364,1137,2153,48.366,0.157
492,0.088,1.193,0.411,1049,2175,72.897,0.351
493,0.048,0.833,0.338,820,2170,26.565,0.212
494,0.066,1.578,0.520,929,2175,35.538,0.289
495,0.534,3.277,1.069,958,2194,28.740,0.739
496,0.031,0.755,0.353,1049,2186,30.964,0.159
497,0.055,0.883,0.353,16,2192,30.964,0.243
498,0.091,1.193,0.501,22,2202,25.017,0.284
499,0.101,1.973,0.587,1034,2216,55.491,0.379
500,0.070,1.115,0.473,550,2231,26.565,0.225
501,0.106,1.442,0.620,1008,2242,43.025,0.299
502,0.031,0.755,0.338,1020,2242,26.565,0.162
503,0.042,0.841,0.326,0,2244,21.801,0.210
504,0.184,1.948,0.696,543,2256,55.620,0.447
505,0.052,0.919,0.393,1059,2246,22.620,0.212
506,1.049,7.418,1.735,944,2247,112.543,1.185
507,0.200,2.401,0.877,982,2268,46.397,0.427
508,0.031,0.730,0.287,905,2251,161.565,0.181
509,0.112,1.296,0.473,738,2262,26.565,0.344
510,0.096,1.246,0.473,52,2267,26.565,0.302
511,0.136,1.938,0.774,1141,2292,38.660,0.299
512,0.557,4.035,1.208,996,2279,148.299,0.890
513,0.100,1.450,0.612,687,2297,32.905,0.257
514,0.037,0.755,0.308,0,2299,78.690,0.181
515,3.096,12.353,2.880,954,2335,4.214,2.096
516,0.064,1.054,0.450,14,2306,19.654,0.230
517,0.037,0.755,0.345,1119,2306,37.875,0.171
518,0.045,0.841,0.364,1118,2321,41.634,0.192
519,0.096,1.795,0.691,924,2322,23.199,0.333
520,0.038,0.823,0.298,1172,2331,66.038,0.214
521,0.080,1.382,0.596,1119,2335,30.466,0.230
522,4.618,27.138,5.242,1002,2460,50.618,2.418
523,0.036,0.695,0.270,61,2336,26.565,0.212
524,0.031,0.730,0.311,15,2339,29.055,0.181
525,0.057,0.961,0.411,1053,2342,36.027,0.210
526,0.065,0.961,0.387,1133,2342,38.660,0.257
527,0.085,1.742,0.788,1100,2358,32.471,0.186
528,0.071,1.115,0.433,807,2367,65.225,0.299
529,0.033,0.670,0.285,1197,2372,32.005,0.181
530,0.097,1.296,0.515,1092,2382,49.764,0.314
531,0.333,2.824,0.910,864,2394,21.448,0.620
532,0.044,0.841,0.369,896,2386,34.992,0.201
533,0.040,0.755,0.311,723,2385,29.055,0.201
534,0.048,0.961,0.428,15,2396,45.000,0.206
535,0.056,0.883,0.345,956,2394,37.875,0.242
536,0.047,0.841,0.345,1140,2397,37.875,0.216
537,0.051,1.054,0.407,1085,2399,41.987,0.212
538,0.120,1.450,0.605,623,2417,36.870,0.317
539,0.078,1.133,0.488,864,2418,29.745,0.257
540,0.057,1.072,0.492,1114,2422,47.490,0.192
541,0.030,0.695,0.279,913,2417,40.601,0.189
542,0.061,1.004,0.411,976,2417,17.103,0.212
543,1.014,5.787,1.732,588,2475,65.225,0.944
544,0.171,2.109,0.798,627,2444,52.696,0.444
545,0.061,1.414,0.496,1105,2437,52.431,0.263
546,0.045,0.866,0.338,1172,2427,169.695,0.212
547,0.033,0.720,0.302,1075,2442,53.130,0.168
548,0.039,0.841,0.345,977,2447,52.125,0.203
549,0.036,0.755,0.311,857,2446,29.055,0.212
550,0.062,0.987,0.420,767,2449,30.256,0.243
551,0.074,1.339,0.582,1142,2452,27.897,0.239
552,0.248,2.076,0.708,1082,2456,19.983,0.513
553,0.032,0.695,0.311,1055,2454,29.055,0.171
554,0.084,1.279,0.529,765,2474,59.036,0.294
555,1.090,6.086,1.465,948,2468,158.199,1.264
556,0.047,1.072,0.503,1060,2478,57.265,0.168
557,1.519,7.527,1.796,1003,2469,126.098,1.472
558,0.045,1.012,0.387,1143,2475,38.660,0.230
559,0.090,1.186,0.436,929,2479,56.310,0.333
560,0.094,1.175,0.454,570,2486,53.130,0.311
561,0.063,1.200,0.436,891,2490,33.690,0.257
562,0.036,0.762,0.327,1161,2491,56.310,0.171
563,0.323,3.052,1.027,1170,2515,47.386,0.635
564,0.088,1.329,0.440,1126,2502,164.055,0.352
565,0.037,0.720,0.260,1113,2505,54.462,0.235
566,0.038,0.780,0.345,514,2509,37.875,0.171
567,0.256,2.326,0.791,817,2523,46.548,0.544
568,0.077,1.082,0.450,920,2514,42.274,0.278
569,0.752,5.894,2.104,927,2571,71.565,0.646
570,0.062,1.158,0.473,959,2526,63.435,0.245
571,0.262,2.112,0.786,599,2537,67.380,0.494
572,0.549,2.998,1.035,1038,2527,173.290,0.777
573,0.058,0.987,0.411,1129,2524,17.103,0.231
574,0.043,1.115,0.520,1090,2531,35.538,0.143
575,0.149,1.802,0.671,522,2536,7.765,0.420
576,0.100,1.955,0.836,1080,2551,40.601,0.257
577,0.334,2.789,0.939,565,2542,176.309,0.544
578,0.247,2.464,1.001,1174,2556,28.887,0.417
579,0.044,0.883,0.385,971,2549,45.000,0.192
580,0.177,2.104,0.855,1091,2562,45.000,0.390
581,0.054,1.140,0.338,899,2545,116.565,0.270
582,0.074,1.097,0.450,705,2558,47.726,0.254
583,0.039,1.104,0.535,1113,2559,47.291,0.128
584,0.081,1.357,0.499,1150,2558,14.036,0.325
585,0.358,2.411,0.851,574,2579,73.496,0.643
586,0.033,0.737,0.338,907,2558,26.565,0.168
587,0.488,5.147,1.898,1142,2584,30.651,0.629
588,0.038,0.730,0.299,970,2562,45.000,0.210
589,0.080,1.321,0.582,1063,2565,27.897,0.216
590,0.122,1.460,0.600,973,2577,40.914,0.342
591,0.037,0.737,0.321,1142,2571,41.186,0.171
592,0.059,1.072,0.492,856,2580,42.510,0.192
593,0.062,1.371,0.558,874,2583,49.399,0.226
594,0.065,1.218,0.529,1127,2581,30.964,0.203
595,0.053,0.883,0.379,892,2584,28.610,0.235
596,0.074,1.339,0.565,792,2586,15.524,0.210
597,0.190,2.482,0.761,868,2594,6.843,0.514
598,0.229,2.165,0.747,1175,2581,121.759,0.509
599,0.612,4.227,1.689,814,2621,45.725,0.775
600,0.059,0.944,0.379,1160,2590,28.610,0.242
601,0.070,1.082,0.450,710,2594,19.654,0.239
602,0.566,3.811,1.445,888,2610,15.781,0.686
603,0.084,1.133,0.440,1031,2594,15.945,0.302
604,0.127,1.457,0.587,802,2610,34.509,0.316
605,0.058,0.951,0.411,870,2605,36.027,0.214
606,0.448,3.076,1.040,989,2598,125.538,0.786
607,1.190,8.099,2.315,1098,2656,49.236,1.258
608,0.137,1.549,0.617,1208,2618,78.690,0.302
609,0.142,1.656,0.581,1162,2615,38.660,0.433
610,3.930,16.573,3.895,931,2607,143.842,2.239
611,0.051,1.054,0.379,699,2615,61.390,0.243
612,0.148,1.684,0.714,1019,2621,36.384,0.344
613,0.057,0.969,0.394,1021,2632,32.471,0.216
614,0.071,1.037,0.406,1202,2637,63.435,0.257
615,0.046,1.054,0.454,684,2641,53.130,0.171
616,0.043,1.012,0.478,671,2640,34.695,0.162
617,0.038,0.816,0.345,892,2640,37.875,0.181
618,0.435,4.074,1.583,848,2689,61.477,0.477
619,0.377,2.995,1.034,917,2674,52.125,0.621
620,0.063,1.029,0.430,878,2658,50.711,0.235
621,0.059,0.933,0.365,1024,2656,24.444,0.249
622,0.307,3.312,1.163,936,2685,62.103,0.574
623,1.273,6.438,1.786,1083,2694,28.301,1.271
624,1.130,5.605,2.247,873,2730,61.020,0.877
625,0.032,0.926,0.270,767,2671,116.565,0.212
626,0.037,0.723,0.279,1205,2686,40.601,0.212
627,0.083,1.133,0.440,1172,2700,15.945,0.284
628,0.943,4.206,1.440,694,2732,39.036,0.889
629,0.066,0.997,0.411,1204,2708,53.973,0.267
630,0.082,1.168,0.503,974,2713,57.265,0.253
631,0.374,2.724,0.941,661,2735,45.000,0.587
632,0.080,1.296,0.420,9,2724,149.744,0.352
633,0.053,0.883,0.345,1134,2730,37.875,0.249
634,0.032,0.773,0.354,1077,2731,19.983,0.151
635,0.229,2.635,0.826,975,2729,113.749,0.537
636,0.209,1.955,0.623,1007,2743,22.834,0.532
637,0.036,0.755,0.342,1117,2747,45.000,0.171
638,0.033,0.712,0.321,1170,2755,41.186,0.171
639,0.083,1.236,0.558,1098,2763,49.399,0.235
640,0.093,1.200,0.520,993,2762,35.538,0.257
641,0.098,1.475,0.666,837,2768,39.472,0.235
642,0.079,1.193,0.394,1018,2771,57.529,0.333
643,0.333,3.430,1.050,1071,2789,41.496,0.581
644,0.129,1.382,0.469,800,2783,75.069,0.393
645,0.048,0.891,0.379,1122,2778,28.610,0.203
646,0.030,0.712,0.338,1005,2777,26.565,0.151
647,0.283,2.250,0.765,796,2800,18.435,0.575
648,0.065,0.944,0.379,1132,2801,28.610,0.257
649,0.068,1.004,0.379,100,2804,28.610,0.257
650,0.473,4.669,1.287,1032,2816,9.462,0.777
651,0.053,0.876,0.327,1102,2818,56.310,0.264
652,0.040,0.773,0.302,943,2818,53.130,0.212
653,0.083,1.321,0.562,1093,2834,36.254,0.278
654,0.134,1.641,0.731,1200,2871,60.255,0.322
655,0.061,1.261,0.562,33,2888,36.254,0.208
656,0.059,0.908,0.365,71,2908,24.444,0.243
657,0.147,1.528,0.647,59,2940,37.405,0.342
658,0.331,2.354,0.774,95,2952,38.660,0.656
659,0.080,1.186,0.496,99,2998,37.569,0.257
660,0.051,0.944,0.369,52,3019,34.992,0.224
661,0.030,0.720,0.327,19,3033,33.690,0.150
662,1.470,5.818,2.037,3,3112,71.834,1.050
663,0.061,1.211,0.463,47,3058,11.310,0.242
664,0.359,2.753,0.795,138,3085,98.746,0.641
665,0.059,0.987,0.430,115,3114,39.289,0.214
666,1.494,6.866,2.207,88,3245,53.915,1.254
667,0.177,2.001,0.731,135,3214,155.556,0.399
668,0.712,3.476,1.090,178,3238,19.440,0.919
669,0.440,4.128,1.234,118,3232,162.897,0.644
670,0.038,0.773,0.345,62,3239,37.875,0.192
671,0.063,0.994,0.365,250,3306,24.444,0.257
672,0.125,1.382,0.462,935,3307,121.608,0.374
673,0.243,2.026,0.791,283,3329,43.452,0.470
674,0.167,1.563,0.558,1198,3328,40.601,0.449
675,0.080,1.161,0.433,304,3335,114.775,0.272
676,0.423,2.721,1.055,254,3366,27.300,0.579
677,0.261,2.012,0.666,751,3354,129.472,0.544
678,0.252,2.009,0.698,831,3404,17.650,0.514
679,0.059,0.944,0.407,518,3404,48.013,0.235
680,0.096,1.200,0.469,370,3398,165.069,0.330
681,1.228,4.362,1.512,495,3462,36.870,1.142
682,0.041,0.780,0.327,281,3427,33.690,0.192
683,0.084,1.208,0.436,552,3437,56.310,0.299
684,0.412,3.632,1.292,302,3476,73.686,0.697
685,0.830,4.974,1.679,327,3484,23.334,0.815
686,0.533,2.824,0.961,406,3478,12.724,0.844
687,0.059,0.876,0.327,388,3472,33.690,0.270
688,0.150,1.535,0.545,545,3489,56.310,0.401
689,0.103,1.332,0.568,489,3489,25.201,0.281
690,0.034,0.712,0.285,404,3491,32.005,0.210
691,0.041,0.848,0.345,349,3496,52.125,0.214
692,0.203,1.902,0.719,366,3516,22.249,0.429
693,0.280,2.169,0.761,232,3522,173.157,0.567
694,0.292,2.044,0.736,173,3532,19.179,0.574
695,0.080,1.367,0.617,608,3526,11.310,0.212
696,0.093,1.211,0.503,447,3545,32.735,0.277
697,0.100,1.158,0.440,410,3580,15.945,0.333
698,0.093,1.133,0.446,290,3589,28.301,0.319
699,0.039,0.730,0.285,304,3604,32.005,0.212
700,0.092,1.296,0.536,372,3660,16.390,0.272
701,0.098,1.314,0.496,976,3679,37.569,0.333
702,0.097,1.193,0.433,1123,3725,167.905,0.333
703,0.154,1.545,0.545,231,3744,33.690,0.446
704,0.053,0.944,0.368,628,3755,170.538,0.242
705,0.037,0.748,0.302,884,3758,36.870,0.182
706,0.089,1.193,0.440,58,3775,74.055,0.302
707,0.055,0.908,0.338,739,3822,26.565,0.257
708,0.112,1.275,0.478,572,3899,71.565,0.321
709,0.042,0.823,0.345,1001,3922,37.875,0.192
710,0.031,0.670,0.279,988,3979,40.601,0.189
